[
{
    "pk": 1, 
    "model": "django_ccem.message", 
    "fields": {
        "created": "2014-06-01T19:00:00Z", 
        "modified": "2014-07-18T02:19:10.832Z", 
        "has_error": false, 
        "cleaned": "ft01slp100", 
        "message": 1, 
        "is_submission": true
    }
},
{
    "pk": 2, 
    "model": "django_ccem.message", 
    "fields": {
        "created": "2014-06-07T19:00:00Z", 
        "modified": "2014-07-18T02:19:11.887Z", 
        "has_error": true, 
        "cleaned": "ft99sl100", 
        "message": 3, 
        "is_submission": true
    }
},
{
    "pk": 3, 
    "model": "django_ccem.message", 
    "fields": {
        "created": "2014-06-23T19:00:00Z", 
        "modified": "2014-07-18T02:19:12.980Z", 
        "has_error": false, 
        "cleaned": "ft01slp100", 
        "message": 5, 
        "is_submission": true
    }
},
{
    "pk": 4, 
    "model": "django_ccem.message", 
    "fields": {
        "created": "2014-07-10T19:00:00Z", 
        "modified": "2014-07-18T02:19:13.469Z", 
        "has_error": false, 
        "cleaned": "sorry,wedon'thaveany", 
        "message": 7, 
        "is_submission": false
    }
},
{
    "pk": 5, 
    "model": "django_ccem.message", 
    "fields": {
        "created": "2014-07-16T19:00:00Z", 
        "modified": "2014-07-18T02:19:13.954Z", 
        "has_error": false, 
        "cleaned": "sorry,wedon'thaveany", 
        "message": 9, 
        "is_submission": false
    }
},
{
    "pk": 6, 
    "model": "django_ccem.message", 
    "fields": {
        "created": "2014-06-03T19:00:00Z", 
        "modified": "2014-07-18T02:19:15.080Z", 
        "has_error": false, 
        "cleaned": "ft01slp100", 
        "message": 11, 
        "is_submission": true
    }
},
{
    "pk": 7, 
    "model": "django_ccem.message", 
    "fields": {
        "created": "2014-06-09T19:00:00Z", 
        "modified": "2014-07-18T02:19:16.085Z", 
        "has_error": true, 
        "cleaned": "ft99sl100", 
        "message": 13, 
        "is_submission": true
    }
},
{
    "pk": 8, 
    "model": "django_ccem.message", 
    "fields": {
        "created": "2014-06-17T19:00:00Z", 
        "modified": "2014-07-18T02:19:16.607Z", 
        "has_error": false, 
        "cleaned": "sorry,wedon'thaveany", 
        "message": 15, 
        "is_submission": false
    }
},
{
    "pk": 9, 
    "model": "django_ccem.message", 
    "fields": {
        "created": "2014-07-05T19:00:00Z", 
        "modified": "2014-07-18T02:19:17.117Z", 
        "has_error": false, 
        "cleaned": "sorry,wedon'thaveany", 
        "message": 17, 
        "is_submission": false
    }
},
{
    "pk": 10, 
    "model": "django_ccem.message", 
    "fields": {
        "created": "2014-07-09T19:00:00Z", 
        "modified": "2014-07-18T02:19:18.134Z", 
        "has_error": false, 
        "cleaned": "ft01slp100", 
        "message": 19, 
        "is_submission": true
    }
},
{
    "pk": 11, 
    "model": "django_ccem.message", 
    "fields": {
        "created": "2014-06-09T19:00:00Z", 
        "modified": "2014-07-18T02:19:19.304Z", 
        "has_error": true, 
        "cleaned": "ft99sl100", 
        "message": 21, 
        "is_submission": true
    }
},
{
    "pk": 12, 
    "model": "django_ccem.message", 
    "fields": {
        "created": "2014-06-11T19:00:00Z", 
        "modified": "2014-07-18T02:19:20.315Z", 
        "has_error": false, 
        "cleaned": "ft01slp100", 
        "message": 23, 
        "is_submission": true
    }
},
{
    "pk": 13, 
    "model": "django_ccem.message", 
    "fields": {
        "created": "2014-06-22T19:00:00Z", 
        "modified": "2014-07-18T02:19:21.378Z", 
        "has_error": false, 
        "cleaned": "ft01slp100", 
        "message": 25, 
        "is_submission": true
    }
},
{
    "pk": 14, 
    "model": "django_ccem.message", 
    "fields": {
        "created": "2014-07-04T19:00:00Z", 
        "modified": "2014-07-18T02:19:21.963Z", 
        "has_error": false, 
        "cleaned": "sorry,wedon'thaveany", 
        "message": 27, 
        "is_submission": false
    }
},
{
    "pk": 15, 
    "model": "django_ccem.message", 
    "fields": {
        "created": "2014-07-15T19:00:00Z", 
        "modified": "2014-07-18T02:19:22.494Z", 
        "has_error": false, 
        "cleaned": "sorry,wedon'thaveany", 
        "message": 29, 
        "is_submission": false
    }
},
{
    "pk": 16, 
    "model": "django_ccem.message", 
    "fields": {
        "created": "2014-06-04T19:00:00Z", 
        "modified": "2014-07-18T02:19:23.145Z", 
        "has_error": false, 
        "cleaned": "sorry,wedon'thaveany", 
        "message": 31, 
        "is_submission": false
    }
},
{
    "pk": 17, 
    "model": "django_ccem.message", 
    "fields": {
        "created": "2014-06-05T19:00:00Z", 
        "modified": "2014-07-18T02:19:23.681Z", 
        "has_error": false, 
        "cleaned": "sorry,wedon'thaveany", 
        "message": 33, 
        "is_submission": false
    }
},
{
    "pk": 18, 
    "model": "django_ccem.message", 
    "fields": {
        "created": "2014-06-27T19:00:00Z", 
        "modified": "2014-07-18T02:19:24.781Z", 
        "has_error": false, 
        "cleaned": "ft01slp100", 
        "message": 35, 
        "is_submission": true
    }
},
{
    "pk": 19, 
    "model": "django_ccem.message", 
    "fields": {
        "created": "2014-07-01T19:00:00Z", 
        "modified": "2014-07-18T02:19:25.876Z", 
        "has_error": false, 
        "cleaned": "ft01slp100", 
        "message": 37, 
        "is_submission": true
    }
},
{
    "pk": 20, 
    "model": "django_ccem.message", 
    "fields": {
        "created": "2014-07-17T19:00:00Z", 
        "modified": "2014-07-18T02:19:27.044Z", 
        "has_error": true, 
        "cleaned": "ft99sl100", 
        "message": 39, 
        "is_submission": true
    }
},
{
    "pk": 21, 
    "model": "django_ccem.message", 
    "fields": {
        "created": "2014-06-01T19:00:00Z", 
        "modified": "2014-07-18T02:19:28.249Z", 
        "has_error": true, 
        "cleaned": "ft99sl100", 
        "message": 41, 
        "is_submission": true
    }
},
{
    "pk": 22, 
    "model": "django_ccem.message", 
    "fields": {
        "created": "2014-06-05T19:00:00Z", 
        "modified": "2014-07-18T02:19:28.786Z", 
        "has_error": false, 
        "cleaned": "sorry,wedon'thaveany", 
        "message": 43, 
        "is_submission": false
    }
},
{
    "pk": 23, 
    "model": "django_ccem.message", 
    "fields": {
        "created": "2014-06-27T19:00:00Z", 
        "modified": "2014-07-18T02:19:29.288Z", 
        "has_error": false, 
        "cleaned": "sorry,wedon'thaveany", 
        "message": 45, 
        "is_submission": false
    }
},
{
    "pk": 24, 
    "model": "django_ccem.message", 
    "fields": {
        "created": "2014-07-01T19:00:00Z", 
        "modified": "2014-07-18T02:19:30.413Z", 
        "has_error": false, 
        "cleaned": "ft01slp100", 
        "message": 47, 
        "is_submission": true
    }
},
{
    "pk": 25, 
    "model": "django_ccem.message", 
    "fields": {
        "created": "2014-07-16T19:00:00Z", 
        "modified": "2014-07-18T02:19:31.550Z", 
        "has_error": false, 
        "cleaned": "ft01slp100", 
        "message": 49, 
        "is_submission": true
    }
},
{
    "pk": 26, 
    "model": "django_ccem.message", 
    "fields": {
        "created": "2014-06-01T19:00:00Z", 
        "modified": "2014-07-18T02:19:32.886Z", 
        "has_error": true, 
        "cleaned": "ft99sl100", 
        "message": 51, 
        "is_submission": true
    }
},
{
    "pk": 27, 
    "model": "django_ccem.message", 
    "fields": {
        "created": "2014-06-05T19:00:00Z", 
        "modified": "2014-07-18T02:19:33.965Z", 
        "has_error": false, 
        "cleaned": "ft01slp100", 
        "message": 53, 
        "is_submission": true
    }
},
{
    "pk": 28, 
    "model": "django_ccem.message", 
    "fields": {
        "created": "2014-06-27T19:00:00Z", 
        "modified": "2014-07-18T02:19:34.511Z", 
        "has_error": false, 
        "cleaned": "sorry,wedon'thaveany", 
        "message": 55, 
        "is_submission": false
    }
},
{
    "pk": 29, 
    "model": "django_ccem.message", 
    "fields": {
        "created": "2014-07-01T19:00:00Z", 
        "modified": "2014-07-18T02:19:35.647Z", 
        "has_error": false, 
        "cleaned": "ft01slp100", 
        "message": 57, 
        "is_submission": true
    }
},
{
    "pk": 30, 
    "model": "django_ccem.message", 
    "fields": {
        "created": "2014-07-16T19:00:00Z", 
        "modified": "2014-07-18T02:19:36.183Z", 
        "has_error": false, 
        "cleaned": "sorry,wedon'thaveany", 
        "message": 59, 
        "is_submission": false
    }
},
{
    "pk": 1, 
    "model": "django_ccem.report", 
    "fields": {
        "commands": "{\"ft\":{\"null\":[\"0\",\"1\"]},\"sl\":{\"p\":\"100\"}}", 
        "errors": "[]", 
        "created": "2014-07-18T02:19:10.296Z", 
        "modified": "2014-07-18T02:19:10.691Z", 
        "has_error": false, 
        "message": 1, 
        "response": 2
    }
},
{
    "pk": 2, 
    "model": "django_ccem.report", 
    "fields": {
        "commands": "{\"ft\":{\"null\":[\"9\",\"9\"]},\"sl\":{}}", 
        "errors": "[\"INVALID_NEXT_KEYWORD\"]", 
        "created": "2014-07-18T02:19:11.324Z", 
        "modified": "2014-07-18T02:19:11.753Z", 
        "has_error": true, 
        "message": 2, 
        "response": 4
    }
},
{
    "pk": 3, 
    "model": "django_ccem.report", 
    "fields": {
        "commands": "{\"ft\":{\"null\":[\"0\",\"1\"]},\"sl\":{\"p\":\"100\"}}", 
        "errors": "[]", 
        "created": "2014-07-18T02:19:12.460Z", 
        "modified": "2014-07-18T02:19:12.846Z", 
        "has_error": false, 
        "message": 3, 
        "response": 6
    }
},
{
    "pk": 4, 
    "model": "django_ccem.report", 
    "fields": {
        "commands": "{\"ft\":{\"null\":[\"0\",\"1\"]},\"sl\":{\"p\":\"100\"}}", 
        "errors": "[]", 
        "created": "2014-07-18T02:19:14.570Z", 
        "modified": "2014-07-18T02:19:14.948Z", 
        "has_error": false, 
        "message": 6, 
        "response": 12
    }
},
{
    "pk": 5, 
    "model": "django_ccem.report", 
    "fields": {
        "commands": "{\"ft\":{\"null\":[\"9\",\"9\"]},\"sl\":{}}", 
        "errors": "[\"INVALID_NEXT_KEYWORD\"]", 
        "created": "2014-07-18T02:19:15.574Z", 
        "modified": "2014-07-18T02:19:15.951Z", 
        "has_error": true, 
        "message": 7, 
        "response": 14
    }
},
{
    "pk": 6, 
    "model": "django_ccem.report", 
    "fields": {
        "commands": "{\"ft\":{\"null\":[\"0\",\"1\"]},\"sl\":{\"p\":\"100\"}}", 
        "errors": "[]", 
        "created": "2014-07-18T02:19:17.606Z", 
        "modified": "2014-07-18T02:19:17.992Z", 
        "has_error": false, 
        "message": 10, 
        "response": 20
    }
},
{
    "pk": 7, 
    "model": "django_ccem.report", 
    "fields": {
        "commands": "{\"ft\":{\"null\":[\"9\",\"9\"]},\"sl\":{}}", 
        "errors": "[\"INVALID_NEXT_KEYWORD\"]", 
        "created": "2014-07-18T02:19:18.768Z", 
        "modified": "2014-07-18T02:19:19.162Z", 
        "has_error": true, 
        "message": 11, 
        "response": 22
    }
},
{
    "pk": 8, 
    "model": "django_ccem.report", 
    "fields": {
        "commands": "{\"ft\":{\"null\":[\"0\",\"1\"]},\"sl\":{\"p\":\"100\"}}", 
        "errors": "[]", 
        "created": "2014-07-18T02:19:19.797Z", 
        "modified": "2014-07-18T02:19:20.182Z", 
        "has_error": false, 
        "message": 12, 
        "response": 24
    }
},
{
    "pk": 9, 
    "model": "django_ccem.report", 
    "fields": {
        "commands": "{\"ft\":{\"null\":[\"0\",\"1\"]},\"sl\":{\"p\":\"100\"}}", 
        "errors": "[]", 
        "created": "2014-07-18T02:19:20.800Z", 
        "modified": "2014-07-18T02:19:21.227Z", 
        "has_error": false, 
        "message": 13, 
        "response": 26
    }
},
{
    "pk": 10, 
    "model": "django_ccem.report", 
    "fields": {
        "commands": "{\"ft\":{\"null\":[\"0\",\"1\"]},\"sl\":{\"p\":\"100\"}}", 
        "errors": "[]", 
        "created": "2014-07-18T02:19:24.210Z", 
        "modified": "2014-07-18T02:19:24.623Z", 
        "has_error": false, 
        "message": 18, 
        "response": 36
    }
},
{
    "pk": 11, 
    "model": "django_ccem.report", 
    "fields": {
        "commands": "{\"ft\":{\"null\":[\"0\",\"1\"]},\"sl\":{\"p\":\"100\"}}", 
        "errors": "[]", 
        "created": "2014-07-18T02:19:25.314Z", 
        "modified": "2014-07-18T02:19:25.726Z", 
        "has_error": false, 
        "message": 19, 
        "response": 38
    }
},
{
    "pk": 12, 
    "model": "django_ccem.report", 
    "fields": {
        "commands": "{\"ft\":{\"null\":[\"9\",\"9\"]},\"sl\":{}}", 
        "errors": "[\"INVALID_NEXT_KEYWORD\"]", 
        "created": "2014-07-18T02:19:26.458Z", 
        "modified": "2014-07-18T02:19:26.887Z", 
        "has_error": true, 
        "message": 20, 
        "response": 40
    }
},
{
    "pk": 13, 
    "model": "django_ccem.report", 
    "fields": {
        "commands": "{\"ft\":{\"null\":[\"9\",\"9\"]},\"sl\":{}}", 
        "errors": "[\"INVALID_NEXT_KEYWORD\"]", 
        "created": "2014-07-18T02:19:27.695Z", 
        "modified": "2014-07-18T02:19:28.098Z", 
        "has_error": true, 
        "message": 21, 
        "response": 42
    }
},
{
    "pk": 14, 
    "model": "django_ccem.report", 
    "fields": {
        "commands": "{\"ft\":{\"null\":[\"0\",\"1\"]},\"sl\":{\"p\":\"100\"}}", 
        "errors": "[]", 
        "created": "2014-07-18T02:19:29.837Z", 
        "modified": "2014-07-18T02:19:30.263Z", 
        "has_error": false, 
        "message": 24, 
        "response": 48
    }
},
{
    "pk": 15, 
    "model": "django_ccem.report", 
    "fields": {
        "commands": "{\"ft\":{\"null\":[\"0\",\"1\"]},\"sl\":{\"p\":\"100\"}}", 
        "errors": "[]", 
        "created": "2014-07-18T02:19:30.932Z", 
        "modified": "2014-07-18T02:19:31.349Z", 
        "has_error": false, 
        "message": 25, 
        "response": 50
    }
},
{
    "pk": 16, 
    "model": "django_ccem.report", 
    "fields": {
        "commands": "{\"ft\":{\"null\":[\"9\",\"9\"]},\"sl\":{}}", 
        "errors": "[\"INVALID_NEXT_KEYWORD\"]", 
        "created": "2014-07-18T02:19:32.226Z", 
        "modified": "2014-07-18T02:19:32.728Z", 
        "has_error": true, 
        "message": 26, 
        "response": 52
    }
},
{
    "pk": 17, 
    "model": "django_ccem.report", 
    "fields": {
        "commands": "{\"ft\":{\"null\":[\"0\",\"1\"]},\"sl\":{\"p\":\"100\"}}", 
        "errors": "[]", 
        "created": "2014-07-18T02:19:33.404Z", 
        "modified": "2014-07-18T02:19:33.814Z", 
        "has_error": false, 
        "message": 27, 
        "response": 54
    }
},
{
    "pk": 18, 
    "model": "django_ccem.report", 
    "fields": {
        "commands": "{\"ft\":{\"null\":[\"0\",\"1\"]},\"sl\":{\"p\":\"100\"}}", 
        "errors": "[]", 
        "created": "2014-07-18T02:19:35.053Z", 
        "modified": "2014-07-18T02:19:35.480Z", 
        "has_error": false, 
        "message": 29, 
        "response": 58
    }
},
{
    "pk": "FRmrFTE63D0", 
    "model": "dhis2.organisationunit", 
    "fields": {
        "parent": "wbZtszn1b0R", 
        "level": 2, 
        "dhis2_code": null, 
        "created": "2014-07-18T02:28:16.938Z", 
        "modified": "2014-07-18T02:28:16.939Z", 
        "i18n_name": "{\"lo\":\"\\u0e9a\\u0ecd\\u0ec8\\u0ec1\\u0e81\\u0ec9\\u0ea7\",\"ke\":\"Bokeo\"}"
    }
},
{
    "pk": "JkDRFRhTl7C", 
    "model": "dhis2.organisationunit", 
    "fields": {
        "parent": "FRmrFTE63D0", 
        "level": 3, 
        "dhis2_code": "0504", 
        "created": "2014-07-18T02:28:17.223Z", 
        "modified": "2014-07-18T02:28:17.223Z", 
        "i18n_name": "{\"lo\":\"\\u0e9c\\u0eb2\\u0ead\\u0eb8\\u0e94\\u0ebb\\u0ea1\",\"ke\":\"PhaOudom\"}"
    }
},
{
    "pk": "ofKhxvVUALX", 
    "model": "dhis2.organisationunit", 
    "fields": {
        "parent": "FRmrFTE63D0", 
        "level": 3, 
        "dhis2_code": "0503", 
        "created": "2014-07-18T02:28:32.649Z", 
        "modified": "2014-07-18T02:28:32.649Z", 
        "i18n_name": "{\"lo\":\"\\u0ec0\\u0ea1\\u0eb4\\u0e87\",\"ke\":\"Meung\"}"
    }
},
{
    "pk": "wbZtszn1b0R", 
    "model": "dhis2.organisationunit", 
    "fields": {
        "parent": null, 
        "level": 1, 
        "dhis2_code": null, 
        "created": "2014-07-18T02:28:16.640Z", 
        "modified": "2014-07-18T02:28:16.640Z", 
        "i18n_name": "{\"ke\":\"Lao PDR\"}"
    }
},
{
    "pk": "zutyzPVR83q", 
    "model": "dhis2.organisationunit", 
    "fields": {
        "parent": "JkDRFRhTl7C", 
        "level": 4, 
        "dhis2_code": null, 
        "created": "2014-07-18T02:28:19.466Z", 
        "modified": "2014-07-18T02:28:19.466Z", 
        "i18n_name": "{\"lo\":\"\\u0ec3\\u0edd\\u0ec8\",\"ke\":\"May\"}"
    }
},
{
    "pk": "HObZr5ff7tz", 
    "model": "dhis2.facility", 
    "fields": {
        "parent": "JkDRFRhTl7C", 
        "level": 4, 
        "dhis2_code": "0504003", 
        "created": "2014-07-18T02:28:17.509Z", 
        "modified": "2014-07-18T02:28:17.509Z", 
        "i18n_name": "{\"ke\":\"Ban Hai HC\"}"
    }
},
{
    "pk": "QjgkszpZCqW", 
    "model": "dhis2.facility", 
    "fields": {
        "parent": "ofKhxvVUALX", 
        "level": 4, 
        "dhis2_code": "0503002", 
        "created": "2014-07-18T02:28:33.268Z", 
        "modified": "2014-07-18T02:28:33.268Z", 
        "i18n_name": "{\"ke\":\"Houanamkha\"}"
    }
},
{
    "pk": "RKeSKmriA1M", 
    "model": "dhis2.facility", 
    "fields": {
        "parent": "ofKhxvVUALX", 
        "level": 4, 
        "dhis2_code": "0503003", 
        "created": "2014-07-18T02:28:33.845Z", 
        "modified": "2014-07-18T02:28:33.845Z", 
        "i18n_name": "{\"ke\":\"NamNhou\"}"
    }
},
{
    "pk": "ZfBd7zpw6st", 
    "model": "dhis2.facility", 
    "fields": {
        "parent": "ofKhxvVUALX", 
        "level": 4, 
        "dhis2_code": "0503001", 
        "created": "2014-07-18T02:28:32.934Z", 
        "modified": "2014-07-18T02:28:32.934Z", 
        "i18n_name": "{\"ke\":\"Houayphadam\"}"
    }
},
{
    "pk": "atxW4x8rePt", 
    "model": "dhis2.facility", 
    "fields": {
        "parent": "JkDRFRhTl7C", 
        "level": 4, 
        "dhis2_code": null, 
        "created": "2014-07-18T02:28:19.174Z", 
        "modified": "2014-07-18T02:28:19.174Z", 
        "i18n_name": "{\"ke\":\"PhaOudom district hospital\"}"
    }
},
{
    "pk": "c9pSsLqS4zi", 
    "model": "dhis2.facility", 
    "fields": {
        "parent": "ofKhxvVUALX", 
        "level": 4, 
        "dhis2_code": null, 
        "created": "2014-07-18T02:28:34.129Z", 
        "modified": "2014-07-18T02:28:34.129Z", 
        "i18n_name": "{\"ke\":\"Meung district hospital\"}"
    }
},
{
    "pk": "i6hHJeIxPIU", 
    "model": "dhis2.facility", 
    "fields": {
        "parent": "JkDRFRhTl7C", 
        "level": 4, 
        "dhis2_code": "0504005", 
        "created": "2014-07-18T02:28:18.615Z", 
        "modified": "2014-07-18T02:28:18.615Z", 
        "i18n_name": "{\"lo\":\"\\u0eaa\\u0eb8\\u0e81\\u0e88\\u0eb0\\u0ec0\\u0ea5\\u0eb5\\u0e99\",\"ke\":\"souckchaleun\"}"
    }
},
{
    "pk": "n1NJDsjmfqp", 
    "model": "dhis2.facility", 
    "fields": {
        "parent": "JkDRFRhTl7C", 
        "level": 4, 
        "dhis2_code": "0504006", 
        "created": "2014-07-18T02:28:18.895Z", 
        "modified": "2014-07-18T02:28:18.895Z", 
        "i18n_name": "{\"lo\":\"\\u0ea7\\u0eb1\\u0e87\\u0e9b\\u0ec9\\u0ead\\u0ea1\",\"ke\":\"Vangpoom\"}"
    }
},
{
    "pk": "nrkegHmS7Wp", 
    "model": "dhis2.facility", 
    "fields": {
        "parent": "JkDRFRhTl7C", 
        "level": 4, 
        "dhis2_code": "0504001", 
        "created": "2014-07-18T02:28:18.332Z", 
        "modified": "2014-07-18T02:28:18.332Z", 
        "i18n_name": "{\"lo\":\"\\u0eab\\u0eb2\\u0e94\\u200b\\u0edc\\u0eb2\\u0ea1\",\"ke\":\"Hatnam\"}"
    }
},
{
    "pk": "uJUIn7fxRdJ", 
    "model": "dhis2.facility", 
    "fields": {
        "parent": "ofKhxvVUALX", 
        "level": 4, 
        "dhis2_code": "0503004", 
        "created": "2014-07-18T02:28:33.558Z", 
        "modified": "2014-07-18T02:28:33.558Z", 
        "i18n_name": "{\"ke\":\"Longphabard\"}"
    }
},
{
    "pk": "xokBtfDD3Y8", 
    "model": "dhis2.facility", 
    "fields": {
        "parent": "JkDRFRhTl7C", 
        "level": 4, 
        "dhis2_code": "0504004", 
        "created": "2014-07-18T02:28:17.782Z", 
        "modified": "2014-07-18T02:28:17.782Z", 
        "i18n_name": "{\"lo\":\"\\u0ea1\\u0ebb\\u0e81\\u0ec2\\u0e8a (\\u0e9b\\u0eb8\\u0ec8\\u0e87\\u0ea5\\u0eb2\\u0e94)\",\"ke\":\"Mooksook\"}"
    }
},
{
    "pk": "ztJBC39jj2o", 
    "model": "dhis2.facility", 
    "fields": {
        "parent": "JkDRFRhTl7C", 
        "level": 4, 
        "dhis2_code": "0504002", 
        "created": "2014-07-18T02:28:18.057Z", 
        "modified": "2014-07-18T02:28:18.057Z", 
        "i18n_name": "{\"lo\":\"\\u0e9a\\u0ec9\\u0eb2\\u0e99\\u200b\\u0ec0\\u0e9e\\u0eb1\\u0e87\",\"ke\":\"Banpheng\"}"
    }
},
{
    "pk": 1, 
    "model": "dhis2.contact", 
    "fields": {
        "language": "en", 
        "facility": "n1NJDsjmfqp", 
        "modified": "2014-07-18T02:29:28.275Z", 
        "name": "Trevor", 
        "created": "2014-07-18T02:29:20.428Z"
    }
},
{
    "pk": 2, 
    "model": "dhis2.contact", 
    "fields": {
        "language": "ke", 
        "facility": "i6hHJeIxPIU", 
        "modified": "2014-07-18T02:29:47.338Z", 
        "name": "Fahad", 
        "created": "2014-07-18T02:29:47.338Z"
    }
},
{
    "pk": 3, 
    "model": "dhis2.contact", 
    "fields": {
        "language": "ke", 
        "facility": "nrkegHmS7Wp", 
        "modified": "2014-07-18T02:30:07.486Z", 
        "name": "Nicki", 
        "created": "2014-07-18T02:30:07.486Z"
    }
},
{
    "pk": 4, 
    "model": "dhis2.contact", 
    "fields": {
        "language": "en", 
        "facility": "xokBtfDD3Y8", 
        "modified": "2014-07-18T02:30:22.641Z", 
        "name": "Waylon", 
        "created": "2014-07-18T02:30:22.641Z"
    }
},
{
    "pk": 5, 
    "model": "dhis2.contact", 
    "fields": {
        "language": "ke", 
        "facility": "ztJBC39jj2o", 
        "modified": "2014-07-18T02:31:21.543Z", 
        "name": "Richard", 
        "created": "2014-07-18T02:31:21.543Z"
    }
},
{
    "pk": 6, 
    "model": "dhis2.contact", 
    "fields": {
        "language": "en", 
        "facility": "nrkegHmS7Wp", 
        "modified": "2014-07-18T02:32:17.953Z", 
        "name": "Gaetano", 
        "created": "2014-07-18T02:32:17.953Z"
    }
},
{
    "pk": 1, 
    "model": "dhis2.contactconnection", 
    "fields": {
        "connection": 1, 
        "contact": 1
    }
},
{
    "pk": 2, 
    "model": "dhis2.contactconnection", 
    "fields": {
        "connection": 2, 
        "contact": 3
    }
},
{
    "pk": 3, 
    "model": "dhis2.contactconnection", 
    "fields": {
        "connection": 3, 
        "contact": 2
    }
},
{
    "pk": 4, 
    "model": "dhis2.contactconnection", 
    "fields": {
        "connection": 4, 
        "contact": 4
    }
},
{
    "pk": 5, 
    "model": "dhis2.contactconnection", 
    "fields": {
        "connection": 5, 
        "contact": 5
    }
},
{
    "pk": 6, 
    "model": "dhis2.contactconnection", 
    "fields": {
        "connection": 6, 
        "contact": 6
    }
},
{
    "pk": 1, 
    "model": "messagelog.message", 
    "fields": {
        "date": "2014-07-18T02:19:09.914Z", 
        "text": "ft01slp100", 
        "connection": 1, 
        "contact": null, 
        "direction": "I"
    }
},
{
    "pk": 2, 
    "model": "messagelog.message", 
    "fields": {
        "date": "2014-07-18T02:19:10.432Z", 
        "text": "{'ft': {None: (u'0', u'1')}, 'sl': {u'p': u'100'}}", 
        "connection": 1, 
        "contact": null, 
        "direction": "O"
    }
},
{
    "pk": 3, 
    "model": "messagelog.message", 
    "fields": {
        "date": "2014-07-18T02:19:10.955Z", 
        "text": "ft99sl100", 
        "connection": 1, 
        "contact": null, 
        "direction": "I"
    }
},
{
    "pk": 4, 
    "model": "messagelog.message", 
    "fields": {
        "date": "2014-07-18T02:19:11.493Z", 
        "text": "['INVALID_NEXT_KEYWORD']", 
        "connection": 1, 
        "contact": null, 
        "direction": "O"
    }
},
{
    "pk": 5, 
    "model": "messagelog.message", 
    "fields": {
        "date": "2014-07-18T02:19:12.017Z", 
        "text": "ft01slp100", 
        "connection": 1, 
        "contact": null, 
        "direction": "I"
    }
},
{
    "pk": 6, 
    "model": "messagelog.message", 
    "fields": {
        "date": "2014-07-18T02:19:12.586Z", 
        "text": "{'ft': {None: (u'0', u'1')}, 'sl': {u'p': u'100'}}", 
        "connection": 1, 
        "contact": null, 
        "direction": "O"
    }
},
{
    "pk": 7, 
    "model": "messagelog.message", 
    "fields": {
        "date": "2014-07-18T02:19:13.103Z", 
        "text": "Sorry, we don't have any", 
        "connection": 1, 
        "contact": null, 
        "direction": "I"
    }
},
{
    "pk": 8, 
    "model": "messagelog.message", 
    "fields": {
        "date": "2014-07-18T02:19:13.334Z", 
        "text": "Sorry, RapidSMS could not understand your message.", 
        "connection": 1, 
        "contact": null, 
        "direction": "O"
    }
},
{
    "pk": 9, 
    "model": "messagelog.message", 
    "fields": {
        "date": "2014-07-18T02:19:13.571Z", 
        "text": "Sorry, we don't have any", 
        "connection": 1, 
        "contact": null, 
        "direction": "I"
    }
},
{
    "pk": 10, 
    "model": "messagelog.message", 
    "fields": {
        "date": "2014-07-18T02:19:13.820Z", 
        "text": "Sorry, RapidSMS could not understand your message.", 
        "connection": 1, 
        "contact": null, 
        "direction": "O"
    }
},
{
    "pk": 11, 
    "model": "messagelog.message", 
    "fields": {
        "date": "2014-07-18T02:19:14.194Z", 
        "text": "ft01slp100", 
        "connection": 2, 
        "contact": null, 
        "direction": "I"
    }
},
{
    "pk": 12, 
    "model": "messagelog.message", 
    "fields": {
        "date": "2014-07-18T02:19:14.704Z", 
        "text": "{'ft': {None: (u'0', u'1')}, 'sl': {u'p': u'100'}}", 
        "connection": 2, 
        "contact": null, 
        "direction": "O"
    }
},
{
    "pk": 13, 
    "model": "messagelog.message", 
    "fields": {
        "date": "2014-07-18T02:19:15.203Z", 
        "text": "ft99sl100", 
        "connection": 2, 
        "contact": null, 
        "direction": "I"
    }
},
{
    "pk": 14, 
    "model": "messagelog.message", 
    "fields": {
        "date": "2014-07-18T02:19:15.692Z", 
        "text": "['INVALID_NEXT_KEYWORD']", 
        "connection": 2, 
        "contact": null, 
        "direction": "O"
    }
},
{
    "pk": 15, 
    "model": "messagelog.message", 
    "fields": {
        "date": "2014-07-18T02:19:16.216Z", 
        "text": "Sorry, we don't have any", 
        "connection": 2, 
        "contact": null, 
        "direction": "I"
    }
},
{
    "pk": 16, 
    "model": "messagelog.message", 
    "fields": {
        "date": "2014-07-18T02:19:16.463Z", 
        "text": "Sorry, RapidSMS could not understand your message.", 
        "connection": 2, 
        "contact": null, 
        "direction": "O"
    }
},
{
    "pk": 17, 
    "model": "messagelog.message", 
    "fields": {
        "date": "2014-07-18T02:19:16.731Z", 
        "text": "Sorry, we don't have any", 
        "connection": 2, 
        "contact": null, 
        "direction": "I"
    }
},
{
    "pk": 18, 
    "model": "messagelog.message", 
    "fields": {
        "date": "2014-07-18T02:19:16.982Z", 
        "text": "Sorry, RapidSMS could not understand your message.", 
        "connection": 2, 
        "contact": null, 
        "direction": "O"
    }
},
{
    "pk": 19, 
    "model": "messagelog.message", 
    "fields": {
        "date": "2014-07-18T02:19:17.244Z", 
        "text": "ft01slp100", 
        "connection": 2, 
        "contact": null, 
        "direction": "I"
    }
},
{
    "pk": 20, 
    "model": "messagelog.message", 
    "fields": {
        "date": "2014-07-18T02:19:17.742Z", 
        "text": "{'ft': {None: (u'0', u'1')}, 'sl': {u'p': u'100'}}", 
        "connection": 2, 
        "contact": null, 
        "direction": "O"
    }
},
{
    "pk": 21, 
    "model": "messagelog.message", 
    "fields": {
        "date": "2014-07-18T02:19:18.393Z", 
        "text": "ft99sl100", 
        "connection": 3, 
        "contact": null, 
        "direction": "I"
    }
},
{
    "pk": 22, 
    "model": "messagelog.message", 
    "fields": {
        "date": "2014-07-18T02:19:18.904Z", 
        "text": "['INVALID_NEXT_KEYWORD']", 
        "connection": 3, 
        "contact": null, 
        "direction": "O"
    }
},
{
    "pk": 23, 
    "model": "messagelog.message", 
    "fields": {
        "date": "2014-07-18T02:19:19.428Z", 
        "text": "ft01slp100", 
        "connection": 3, 
        "contact": null, 
        "direction": "I"
    }
},
{
    "pk": 24, 
    "model": "messagelog.message", 
    "fields": {
        "date": "2014-07-18T02:19:19.932Z", 
        "text": "{'ft': {None: (u'0', u'1')}, 'sl': {u'p': u'100'}}", 
        "connection": 3, 
        "contact": null, 
        "direction": "O"
    }
},
{
    "pk": 25, 
    "model": "messagelog.message", 
    "fields": {
        "date": "2014-07-18T02:19:20.443Z", 
        "text": "ft01slp100", 
        "connection": 3, 
        "contact": null, 
        "direction": "I"
    }
},
{
    "pk": 26, 
    "model": "messagelog.message", 
    "fields": {
        "date": "2014-07-18T02:19:20.970Z", 
        "text": "{'ft': {None: (u'0', u'1')}, 'sl': {u'p': u'100'}}", 
        "connection": 3, 
        "contact": null, 
        "direction": "O"
    }
},
{
    "pk": 27, 
    "model": "messagelog.message", 
    "fields": {
        "date": "2014-07-18T02:19:21.580Z", 
        "text": "Sorry, we don't have any", 
        "connection": 3, 
        "contact": null, 
        "direction": "I"
    }
},
{
    "pk": 28, 
    "model": "messagelog.message", 
    "fields": {
        "date": "2014-07-18T02:19:21.832Z", 
        "text": "Sorry, RapidSMS could not understand your message.", 
        "connection": 3, 
        "contact": null, 
        "direction": "O"
    }
},
{
    "pk": 29, 
    "model": "messagelog.message", 
    "fields": {
        "date": "2014-07-18T02:19:22.086Z", 
        "text": "Sorry, we don't have any", 
        "connection": 3, 
        "contact": null, 
        "direction": "I"
    }
},
{
    "pk": 30, 
    "model": "messagelog.message", 
    "fields": {
        "date": "2014-07-18T02:19:22.341Z", 
        "text": "Sorry, RapidSMS could not understand your message.", 
        "connection": 3, 
        "contact": null, 
        "direction": "O"
    }
},
{
    "pk": 31, 
    "model": "messagelog.message", 
    "fields": {
        "date": "2014-07-18T02:19:22.758Z", 
        "text": "Sorry, we don't have any", 
        "connection": 4, 
        "contact": null, 
        "direction": "I"
    }
},
{
    "pk": 32, 
    "model": "messagelog.message", 
    "fields": {
        "date": "2014-07-18T02:19:23.010Z", 
        "text": "Sorry, RapidSMS could not understand your message.", 
        "connection": 4, 
        "contact": null, 
        "direction": "O"
    }
},
{
    "pk": 33, 
    "model": "messagelog.message", 
    "fields": {
        "date": "2014-07-18T02:19:23.288Z", 
        "text": "Sorry, we don't have any", 
        "connection": 4, 
        "contact": null, 
        "direction": "I"
    }
},
{
    "pk": 34, 
    "model": "messagelog.message", 
    "fields": {
        "date": "2014-07-18T02:19:23.552Z", 
        "text": "Sorry, RapidSMS could not understand your message.", 
        "connection": 4, 
        "contact": null, 
        "direction": "O"
    }
},
{
    "pk": 35, 
    "model": "messagelog.message", 
    "fields": {
        "date": "2014-07-18T02:19:23.817Z", 
        "text": "ft01slp100", 
        "connection": 4, 
        "contact": null, 
        "direction": "I"
    }
},
{
    "pk": 36, 
    "model": "messagelog.message", 
    "fields": {
        "date": "2014-07-18T02:19:24.363Z", 
        "text": "{'ft': {None: (u'0', u'1')}, 'sl': {u'p': u'100'}}", 
        "connection": 4, 
        "contact": null, 
        "direction": "O"
    }
},
{
    "pk": 37, 
    "model": "messagelog.message", 
    "fields": {
        "date": "2014-07-18T02:19:24.928Z", 
        "text": "ft01slp100", 
        "connection": 4, 
        "contact": null, 
        "direction": "I"
    }
},
{
    "pk": 38, 
    "model": "messagelog.message", 
    "fields": {
        "date": "2014-07-18T02:19:25.456Z", 
        "text": "{'ft': {None: (u'0', u'1')}, 'sl': {u'p': u'100'}}", 
        "connection": 4, 
        "contact": null, 
        "direction": "O"
    }
},
{
    "pk": 39, 
    "model": "messagelog.message", 
    "fields": {
        "date": "2014-07-18T02:19:26.025Z", 
        "text": "ft99sl100", 
        "connection": 4, 
        "contact": null, 
        "direction": "I"
    }
},
{
    "pk": 40, 
    "model": "messagelog.message", 
    "fields": {
        "date": "2014-07-18T02:19:26.609Z", 
        "text": "['INVALID_NEXT_KEYWORD']", 
        "connection": 4, 
        "contact": null, 
        "direction": "O"
    }
},
{
    "pk": 41, 
    "model": "messagelog.message", 
    "fields": {
        "date": "2014-07-18T02:19:27.296Z", 
        "text": "ft99sl100", 
        "connection": 5, 
        "contact": null, 
        "direction": "I"
    }
},
{
    "pk": 42, 
    "model": "messagelog.message", 
    "fields": {
        "date": "2014-07-18T02:19:27.849Z", 
        "text": "['INVALID_NEXT_KEYWORD']", 
        "connection": 5, 
        "contact": null, 
        "direction": "O"
    }
},
{
    "pk": 43, 
    "model": "messagelog.message", 
    "fields": {
        "date": "2014-07-18T02:19:28.379Z", 
        "text": "Sorry, we don't have any", 
        "connection": 5, 
        "contact": null, 
        "direction": "I"
    }
},
{
    "pk": 44, 
    "model": "messagelog.message", 
    "fields": {
        "date": "2014-07-18T02:19:28.651Z", 
        "text": "Sorry, RapidSMS could not understand your message.", 
        "connection": 5, 
        "contact": null, 
        "direction": "O"
    }
},
{
    "pk": 45, 
    "model": "messagelog.message", 
    "fields": {
        "date": "2014-07-18T02:19:28.923Z", 
        "text": "Sorry, we don't have any", 
        "connection": 5, 
        "contact": null, 
        "direction": "I"
    }
},
{
    "pk": 46, 
    "model": "messagelog.message", 
    "fields": {
        "date": "2014-07-18T02:19:29.168Z", 
        "text": "Sorry, RapidSMS could not understand your message.", 
        "connection": 5, 
        "contact": null, 
        "direction": "O"
    }
},
{
    "pk": 47, 
    "model": "messagelog.message", 
    "fields": {
        "date": "2014-07-18T02:19:29.441Z", 
        "text": "ft01slp100", 
        "connection": 5, 
        "contact": null, 
        "direction": "I"
    }
},
{
    "pk": 48, 
    "model": "messagelog.message", 
    "fields": {
        "date": "2014-07-18T02:19:29.990Z", 
        "text": "{'ft': {None: (u'0', u'1')}, 'sl': {u'p': u'100'}}", 
        "connection": 5, 
        "contact": null, 
        "direction": "O"
    }
},
{
    "pk": 49, 
    "model": "messagelog.message", 
    "fields": {
        "date": "2014-07-18T02:19:30.540Z", 
        "text": "ft01slp100", 
        "connection": 5, 
        "contact": null, 
        "direction": "I"
    }
},
{
    "pk": 50, 
    "model": "messagelog.message", 
    "fields": {
        "date": "2014-07-18T02:19:31.084Z", 
        "text": "{'ft': {None: (u'0', u'1')}, 'sl': {u'p': u'100'}}", 
        "connection": 5, 
        "contact": null, 
        "direction": "O"
    }
},
{
    "pk": 51, 
    "model": "messagelog.message", 
    "fields": {
        "date": "2014-07-18T02:19:31.811Z", 
        "text": "ft99sl100", 
        "connection": 6, 
        "contact": null, 
        "direction": "I"
    }
},
{
    "pk": 52, 
    "model": "messagelog.message", 
    "fields": {
        "date": "2014-07-18T02:19:32.377Z", 
        "text": "['INVALID_NEXT_KEYWORD']", 
        "connection": 6, 
        "contact": null, 
        "direction": "O"
    }
},
{
    "pk": 53, 
    "model": "messagelog.message", 
    "fields": {
        "date": "2014-07-18T02:19:33.026Z", 
        "text": "ft01slp100", 
        "connection": 6, 
        "contact": null, 
        "direction": "I"
    }
},
{
    "pk": 54, 
    "model": "messagelog.message", 
    "fields": {
        "date": "2014-07-18T02:19:33.557Z", 
        "text": "{'ft': {None: (u'0', u'1')}, 'sl': {u'p': u'100'}}", 
        "connection": 6, 
        "contact": null, 
        "direction": "O"
    }
},
{
    "pk": 55, 
    "model": "messagelog.message", 
    "fields": {
        "date": "2014-07-18T02:19:34.105Z", 
        "text": "Sorry, we don't have any", 
        "connection": 6, 
        "contact": null, 
        "direction": "I"
    }
},
{
    "pk": 56, 
    "model": "messagelog.message", 
    "fields": {
        "date": "2014-07-18T02:19:34.371Z", 
        "text": "Sorry, RapidSMS could not understand your message.", 
        "connection": 6, 
        "contact": null, 
        "direction": "O"
    }
},
{
    "pk": 57, 
    "model": "messagelog.message", 
    "fields": {
        "date": "2014-07-18T02:19:34.645Z", 
        "text": "ft01slp100", 
        "connection": 6, 
        "contact": null, 
        "direction": "I"
    }
},
{
    "pk": 58, 
    "model": "messagelog.message", 
    "fields": {
        "date": "2014-07-18T02:19:35.206Z", 
        "text": "{'ft': {None: (u'0', u'1')}, 'sl': {u'p': u'100'}}", 
        "connection": 6, 
        "contact": null, 
        "direction": "O"
    }
},
{
    "pk": 59, 
    "model": "messagelog.message", 
    "fields": {
        "date": "2014-07-18T02:19:35.777Z", 
        "text": "Sorry, we don't have any", 
        "connection": 6, 
        "contact": null, 
        "direction": "I"
    }
},
{
    "pk": 60, 
    "model": "messagelog.message", 
    "fields": {
        "date": "2014-07-18T02:19:36.033Z", 
        "text": "Sorry, RapidSMS could not understand your message.", 
        "connection": 6, 
        "contact": null, 
        "direction": "O"
    }
}
]
