[
{
    "pk": 1, 
    "model": "django_ccem.message", 
    "fields": {
        "direction": "I", 
        "created": "2014-06-01T19:00:00Z", 
        "text": "ft01slp100", 
        "modified": "2014-07-23T22:21:25.011Z", 
        "connection": 1, 
        "cleaned": "ft01slp100", 
        "has_error": false, 
        "is_submission": true
    }
},
{
    "pk": 2, 
    "model": "django_ccem.message", 
    "fields": {
        "direction": "O", 
        "created": "2014-07-23T22:21:24.746Z", 
        "text": "{'ft': {None: (u'0', u'1')}, 'sl': {u'p': u'100'}}", 
        "modified": "2014-07-23T22:21:24.746Z", 
        "connection": 1, 
        "cleaned": null, 
        "has_error": false, 
        "is_submission": false
    }
},
{
    "pk": 3, 
    "model": "django_ccem.message", 
    "fields": {
        "direction": "I", 
        "created": "2014-06-07T19:00:00Z", 
        "text": "ft99sl100", 
        "modified": "2014-07-23T22:21:25.823Z", 
        "connection": 1, 
        "cleaned": "ft99sl100", 
        "has_error": true, 
        "is_submission": true
    }
},
{
    "pk": 4, 
    "model": "django_ccem.message", 
    "fields": {
        "direction": "O", 
        "created": "2014-07-23T22:21:25.546Z", 
        "text": "Unexpected Character 1", 
        "modified": "2014-07-23T22:21:25.546Z", 
        "connection": 1, 
        "cleaned": null, 
        "has_error": false, 
        "is_submission": false
    }
},
{
    "pk": 5, 
    "model": "django_ccem.message", 
    "fields": {
        "direction": "I", 
        "created": "2014-06-23T19:00:00Z", 
        "text": "ft01slp100", 
        "modified": "2014-07-23T22:21:26.499Z", 
        "connection": 1, 
        "cleaned": "ft01slp100", 
        "has_error": false, 
        "is_submission": true
    }
},
{
    "pk": 6, 
    "model": "django_ccem.message", 
    "fields": {
        "direction": "O", 
        "created": "2014-07-23T22:21:26.222Z", 
        "text": "{'ft': {None: (u'0', u'1')}, 'sl': {u'p': u'100'}}", 
        "modified": "2014-07-23T22:21:26.222Z", 
        "connection": 1, 
        "cleaned": null, 
        "has_error": false, 
        "is_submission": false
    }
},
{
    "pk": 7, 
    "model": "django_ccem.message", 
    "fields": {
        "direction": "I", 
        "created": "2014-07-10T19:00:00Z", 
        "text": "Sorry, we don't have any", 
        "modified": "2014-07-23T22:21:26.920Z", 
        "connection": 1, 
        "cleaned": null, 
        "has_error": false, 
        "is_submission": false
    }
},
{
    "pk": 8, 
    "model": "django_ccem.message", 
    "fields": {
        "direction": "O", 
        "created": "2014-07-23T22:21:26.777Z", 
        "text": "Sorry, RapidSMS could not understand your message.", 
        "modified": "2014-07-23T22:21:26.777Z", 
        "connection": 1, 
        "cleaned": null, 
        "has_error": false, 
        "is_submission": false
    }
},
{
    "pk": 9, 
    "model": "django_ccem.message", 
    "fields": {
        "direction": "I", 
        "created": "2014-07-16T19:00:00Z", 
        "text": "Sorry, we don't have any", 
        "modified": "2014-07-23T22:21:27.337Z", 
        "connection": 1, 
        "cleaned": null, 
        "has_error": false, 
        "is_submission": false
    }
},
{
    "pk": 10, 
    "model": "django_ccem.message", 
    "fields": {
        "direction": "O", 
        "created": "2014-07-23T22:21:27.194Z", 
        "text": "Sorry, RapidSMS could not understand your message.", 
        "modified": "2014-07-23T22:21:27.194Z", 
        "connection": 1, 
        "cleaned": null, 
        "has_error": false, 
        "is_submission": false
    }
},
{
    "pk": 11, 
    "model": "django_ccem.message", 
    "fields": {
        "direction": "I", 
        "created": "2014-06-03T19:00:00Z", 
        "text": "ft01slp100", 
        "modified": "2014-07-23T22:21:28.195Z", 
        "connection": 2, 
        "cleaned": "ft01slp100", 
        "has_error": false, 
        "is_submission": true
    }
},
{
    "pk": 12, 
    "model": "django_ccem.message", 
    "fields": {
        "direction": "O", 
        "created": "2014-07-23T22:21:27.937Z", 
        "text": "{'ft': {None: (u'0', u'1')}, 'sl': {u'p': u'100'}}", 
        "modified": "2014-07-23T22:21:27.937Z", 
        "connection": 2, 
        "cleaned": null, 
        "has_error": false, 
        "is_submission": false
    }
},
{
    "pk": 13, 
    "model": "django_ccem.message", 
    "fields": {
        "direction": "I", 
        "created": "2014-06-09T19:00:00Z", 
        "text": "ft99sl100", 
        "modified": "2014-07-23T22:21:29.119Z", 
        "connection": 2, 
        "cleaned": "ft99sl100", 
        "has_error": true, 
        "is_submission": true
    }
},
{
    "pk": 14, 
    "model": "django_ccem.message", 
    "fields": {
        "direction": "O", 
        "created": "2014-07-23T22:21:28.852Z", 
        "text": "Unexpected Character 1", 
        "modified": "2014-07-23T22:21:28.852Z", 
        "connection": 2, 
        "cleaned": null, 
        "has_error": false, 
        "is_submission": false
    }
},
{
    "pk": 15, 
    "model": "django_ccem.message", 
    "fields": {
        "direction": "I", 
        "created": "2014-06-17T19:00:00Z", 
        "text": "Sorry, we don't have any", 
        "modified": "2014-07-23T22:21:29.557Z", 
        "connection": 2, 
        "cleaned": null, 
        "has_error": false, 
        "is_submission": false
    }
},
{
    "pk": 16, 
    "model": "django_ccem.message", 
    "fields": {
        "direction": "O", 
        "created": "2014-07-23T22:21:29.404Z", 
        "text": "Sorry, RapidSMS could not understand your message.", 
        "modified": "2014-07-23T22:21:29.404Z", 
        "connection": 2, 
        "cleaned": null, 
        "has_error": false, 
        "is_submission": false
    }
},
{
    "pk": 17, 
    "model": "django_ccem.message", 
    "fields": {
        "direction": "I", 
        "created": "2014-07-05T19:00:00Z", 
        "text": "Sorry, we don't have any", 
        "modified": "2014-07-23T22:21:30.008Z", 
        "connection": 2, 
        "cleaned": null, 
        "has_error": false, 
        "is_submission": false
    }
},
{
    "pk": 18, 
    "model": "django_ccem.message", 
    "fields": {
        "direction": "O", 
        "created": "2014-07-23T22:21:29.857Z", 
        "text": "Sorry, RapidSMS could not understand your message.", 
        "modified": "2014-07-23T22:21:29.857Z", 
        "connection": 2, 
        "cleaned": null, 
        "has_error": false, 
        "is_submission": false
    }
},
{
    "pk": 19, 
    "model": "django_ccem.message", 
    "fields": {
        "direction": "I", 
        "created": "2014-07-09T19:00:00Z", 
        "text": "ft01slp100", 
        "modified": "2014-07-23T22:21:30.708Z", 
        "connection": 2, 
        "cleaned": "ft01slp100", 
        "has_error": false, 
        "is_submission": true
    }
},
{
    "pk": 20, 
    "model": "django_ccem.message", 
    "fields": {
        "direction": "O", 
        "created": "2014-07-23T22:21:30.433Z", 
        "text": "{'ft': {None: (u'0', u'1')}, 'sl': {u'p': u'100'}}", 
        "modified": "2014-07-23T22:21:30.433Z", 
        "connection": 2, 
        "cleaned": null, 
        "has_error": false, 
        "is_submission": false
    }
},
{
    "pk": 21, 
    "model": "django_ccem.message", 
    "fields": {
        "direction": "I", 
        "created": "2014-06-09T19:00:00Z", 
        "text": "ft99sl100", 
        "modified": "2014-07-23T22:21:31.710Z", 
        "connection": 3, 
        "cleaned": "ft99sl100", 
        "has_error": true, 
        "is_submission": true
    }
},
{
    "pk": 22, 
    "model": "django_ccem.message", 
    "fields": {
        "direction": "O", 
        "created": "2014-07-23T22:21:31.409Z", 
        "text": "Unexpected Character 1", 
        "modified": "2014-07-23T22:21:31.409Z", 
        "connection": 3, 
        "cleaned": null, 
        "has_error": false, 
        "is_submission": false
    }
},
{
    "pk": 23, 
    "model": "django_ccem.message", 
    "fields": {
        "direction": "I", 
        "created": "2014-06-11T19:00:00Z", 
        "text": "ft01slp100", 
        "modified": "2014-07-23T22:21:32.385Z", 
        "connection": 3, 
        "cleaned": "ft01slp100", 
        "has_error": false, 
        "is_submission": true
    }
},
{
    "pk": 24, 
    "model": "django_ccem.message", 
    "fields": {
        "direction": "O", 
        "created": "2014-07-23T22:21:32.117Z", 
        "text": "{'ft': {None: (u'0', u'1')}, 'sl': {u'p': u'100'}}", 
        "modified": "2014-07-23T22:21:32.117Z", 
        "connection": 3, 
        "cleaned": null, 
        "has_error": false, 
        "is_submission": false
    }
},
{
    "pk": 25, 
    "model": "django_ccem.message", 
    "fields": {
        "direction": "I", 
        "created": "2014-06-22T19:00:00Z", 
        "text": "ft01slp100", 
        "modified": "2014-07-23T22:21:33.104Z", 
        "connection": 3, 
        "cleaned": "ft01slp100", 
        "has_error": false, 
        "is_submission": true
    }
},
{
    "pk": 26, 
    "model": "django_ccem.message", 
    "fields": {
        "direction": "O", 
        "created": "2014-07-23T22:21:32.821Z", 
        "text": "{'ft': {None: (u'0', u'1')}, 'sl': {u'p': u'100'}}", 
        "modified": "2014-07-23T22:21:32.821Z", 
        "connection": 3, 
        "cleaned": null, 
        "has_error": false, 
        "is_submission": false
    }
},
{
    "pk": 27, 
    "model": "django_ccem.message", 
    "fields": {
        "direction": "I", 
        "created": "2014-07-04T19:00:00Z", 
        "text": "Sorry, we don't have any", 
        "modified": "2014-07-23T22:21:33.540Z", 
        "connection": 3, 
        "cleaned": null, 
        "has_error": false, 
        "is_submission": false
    }
},
{
    "pk": 28, 
    "model": "django_ccem.message", 
    "fields": {
        "direction": "O", 
        "created": "2014-07-23T22:21:33.396Z", 
        "text": "Sorry, RapidSMS could not understand your message.", 
        "modified": "2014-07-23T22:21:33.396Z", 
        "connection": 3, 
        "cleaned": null, 
        "has_error": false, 
        "is_submission": false
    }
},
{
    "pk": 29, 
    "model": "django_ccem.message", 
    "fields": {
        "direction": "I", 
        "created": "2014-07-15T19:00:00Z", 
        "text": "Sorry, we don't have any", 
        "modified": "2014-07-23T22:21:33.974Z", 
        "connection": 3, 
        "cleaned": null, 
        "has_error": false, 
        "is_submission": false
    }
},
{
    "pk": 30, 
    "model": "django_ccem.message", 
    "fields": {
        "direction": "O", 
        "created": "2014-07-23T22:21:33.832Z", 
        "text": "Sorry, RapidSMS could not understand your message.", 
        "modified": "2014-07-23T22:21:33.832Z", 
        "connection": 3, 
        "cleaned": null, 
        "has_error": false, 
        "is_submission": false
    }
},
{
    "pk": 31, 
    "model": "django_ccem.message", 
    "fields": {
        "direction": "I", 
        "created": "2014-06-04T19:00:00Z", 
        "text": "Sorry, we don't have any", 
        "modified": "2014-07-23T22:21:34.523Z", 
        "connection": 4, 
        "cleaned": null, 
        "has_error": false, 
        "is_submission": false
    }
},
{
    "pk": 32, 
    "model": "django_ccem.message", 
    "fields": {
        "direction": "O", 
        "created": "2014-07-23T22:21:34.398Z", 
        "text": "Sorry, RapidSMS could not understand your message.", 
        "modified": "2014-07-23T22:21:34.398Z", 
        "connection": 4, 
        "cleaned": null, 
        "has_error": false, 
        "is_submission": false
    }
},
{
    "pk": 33, 
    "model": "django_ccem.message", 
    "fields": {
        "direction": "I", 
        "created": "2014-06-05T19:00:00Z", 
        "text": "Sorry, we don't have any", 
        "modified": "2014-07-23T22:21:34.985Z", 
        "connection": 4, 
        "cleaned": null, 
        "has_error": false, 
        "is_submission": false
    }
},
{
    "pk": 34, 
    "model": "django_ccem.message", 
    "fields": {
        "direction": "O", 
        "created": "2014-07-23T22:21:34.833Z", 
        "text": "Sorry, RapidSMS could not understand your message.", 
        "modified": "2014-07-23T22:21:34.833Z", 
        "connection": 4, 
        "cleaned": null, 
        "has_error": false, 
        "is_submission": false
    }
},
{
    "pk": 35, 
    "model": "django_ccem.message", 
    "fields": {
        "direction": "I", 
        "created": "2014-06-27T19:00:00Z", 
        "text": "ft01slp100", 
        "modified": "2014-07-23T22:21:35.719Z", 
        "connection": 4, 
        "cleaned": "ft01slp100", 
        "has_error": false, 
        "is_submission": true
    }
},
{
    "pk": 36, 
    "model": "django_ccem.message", 
    "fields": {
        "direction": "O", 
        "created": "2014-07-23T22:21:35.442Z", 
        "text": "{'ft': {None: (u'0', u'1')}, 'sl': {u'p': u'100'}}", 
        "modified": "2014-07-23T22:21:35.442Z", 
        "connection": 4, 
        "cleaned": null, 
        "has_error": false, 
        "is_submission": false
    }
},
{
    "pk": 37, 
    "model": "django_ccem.message", 
    "fields": {
        "direction": "I", 
        "created": "2014-07-01T19:00:00Z", 
        "text": "ft01slp100", 
        "modified": "2014-07-23T22:21:36.561Z", 
        "connection": 4, 
        "cleaned": "ft01slp100", 
        "has_error": false, 
        "is_submission": true
    }
},
{
    "pk": 38, 
    "model": "django_ccem.message", 
    "fields": {
        "direction": "O", 
        "created": "2014-07-23T22:21:36.163Z", 
        "text": "{'ft': {None: (u'0', u'1')}, 'sl': {u'p': u'100'}}", 
        "modified": "2014-07-23T22:21:36.163Z", 
        "connection": 4, 
        "cleaned": null, 
        "has_error": false, 
        "is_submission": false
    }
},
{
    "pk": 39, 
    "model": "django_ccem.message", 
    "fields": {
        "direction": "I", 
        "created": "2014-07-17T19:00:00Z", 
        "text": "ft99sl100", 
        "modified": "2014-07-23T22:21:37.453Z", 
        "connection": 4, 
        "cleaned": "ft99sl100", 
        "has_error": true, 
        "is_submission": true
    }
},
{
    "pk": 40, 
    "model": "django_ccem.message", 
    "fields": {
        "direction": "O", 
        "created": "2014-07-23T22:21:37.154Z", 
        "text": "Unexpected Character 1", 
        "modified": "2014-07-23T22:21:37.154Z", 
        "connection": 4, 
        "cleaned": null, 
        "has_error": false, 
        "is_submission": false
    }
},
{
    "pk": 41, 
    "model": "django_ccem.message", 
    "fields": {
        "direction": "I", 
        "created": "2014-06-01T19:00:00Z", 
        "text": "ft99sl100", 
        "modified": "2014-07-23T22:21:38.473Z", 
        "connection": 5, 
        "cleaned": "ft99sl100", 
        "has_error": true, 
        "is_submission": true
    }
},
{
    "pk": 42, 
    "model": "django_ccem.message", 
    "fields": {
        "direction": "O", 
        "created": "2014-07-23T22:21:38.181Z", 
        "text": "Unexpected Character 1", 
        "modified": "2014-07-23T22:21:38.181Z", 
        "connection": 5, 
        "cleaned": null, 
        "has_error": false, 
        "is_submission": false
    }
},
{
    "pk": 43, 
    "model": "django_ccem.message", 
    "fields": {
        "direction": "I", 
        "created": "2014-06-05T19:00:00Z", 
        "text": "Sorry, we don't have any", 
        "modified": "2014-07-23T22:21:38.925Z", 
        "connection": 5, 
        "cleaned": null, 
        "has_error": false, 
        "is_submission": false
    }
},
{
    "pk": 44, 
    "model": "django_ccem.message", 
    "fields": {
        "direction": "O", 
        "created": "2014-07-23T22:21:38.775Z", 
        "text": "Sorry, RapidSMS could not understand your message.", 
        "modified": "2014-07-23T22:21:38.775Z", 
        "connection": 5, 
        "cleaned": null, 
        "has_error": false, 
        "is_submission": false
    }
},
{
    "pk": 45, 
    "model": "django_ccem.message", 
    "fields": {
        "direction": "I", 
        "created": "2014-06-27T19:00:00Z", 
        "text": "Sorry, we don't have any", 
        "modified": "2014-07-23T22:21:39.399Z", 
        "connection": 5, 
        "cleaned": null, 
        "has_error": false, 
        "is_submission": false
    }
},
{
    "pk": 46, 
    "model": "django_ccem.message", 
    "fields": {
        "direction": "O", 
        "created": "2014-07-23T22:21:39.250Z", 
        "text": "Sorry, RapidSMS could not understand your message.", 
        "modified": "2014-07-23T22:21:39.251Z", 
        "connection": 5, 
        "cleaned": null, 
        "has_error": false, 
        "is_submission": false
    }
},
{
    "pk": 47, 
    "model": "django_ccem.message", 
    "fields": {
        "direction": "I", 
        "created": "2014-07-01T19:00:00Z", 
        "text": "ft01slp100", 
        "modified": "2014-07-23T22:21:40.134Z", 
        "connection": 5, 
        "cleaned": "ft01slp100", 
        "has_error": false, 
        "is_submission": true
    }
},
{
    "pk": 48, 
    "model": "django_ccem.message", 
    "fields": {
        "direction": "O", 
        "created": "2014-07-23T22:21:39.826Z", 
        "text": "{'ft': {None: (u'0', u'1')}, 'sl': {u'p': u'100'}}", 
        "modified": "2014-07-23T22:21:39.827Z", 
        "connection": 5, 
        "cleaned": null, 
        "has_error": false, 
        "is_submission": false
    }
},
{
    "pk": 49, 
    "model": "django_ccem.message", 
    "fields": {
        "direction": "I", 
        "created": "2014-07-16T19:00:00Z", 
        "text": "ft01slp100", 
        "modified": "2014-07-23T22:21:40.870Z", 
        "connection": 5, 
        "cleaned": "ft01slp100", 
        "has_error": false, 
        "is_submission": true
    }
},
{
    "pk": 50, 
    "model": "django_ccem.message", 
    "fields": {
        "direction": "O", 
        "created": "2014-07-23T22:21:40.568Z", 
        "text": "{'ft': {None: (u'0', u'1')}, 'sl': {u'p': u'100'}}", 
        "modified": "2014-07-23T22:21:40.569Z", 
        "connection": 5, 
        "cleaned": null, 
        "has_error": false, 
        "is_submission": false
    }
},
{
    "pk": 51, 
    "model": "django_ccem.message", 
    "fields": {
        "direction": "I", 
        "created": "2014-06-01T19:00:00Z", 
        "text": "ft99sl100", 
        "modified": "2014-07-23T22:21:41.878Z", 
        "connection": 6, 
        "cleaned": "ft99sl100", 
        "has_error": true, 
        "is_submission": true
    }
},
{
    "pk": 52, 
    "model": "django_ccem.message", 
    "fields": {
        "direction": "O", 
        "created": "2014-07-23T22:21:41.585Z", 
        "text": "Unexpected Character 1", 
        "modified": "2014-07-23T22:21:41.585Z", 
        "connection": 6, 
        "cleaned": null, 
        "has_error": false, 
        "is_submission": false
    }
},
{
    "pk": 53, 
    "model": "django_ccem.message", 
    "fields": {
        "direction": "I", 
        "created": "2014-06-05T19:00:00Z", 
        "text": "ft01slp100", 
        "modified": "2014-07-23T22:21:42.645Z", 
        "connection": 6, 
        "cleaned": "ft01slp100", 
        "has_error": false, 
        "is_submission": true
    }
},
{
    "pk": 54, 
    "model": "django_ccem.message", 
    "fields": {
        "direction": "O", 
        "created": "2014-07-23T22:21:42.355Z", 
        "text": "{'ft': {None: (u'0', u'1')}, 'sl': {u'p': u'100'}}", 
        "modified": "2014-07-23T22:21:42.355Z", 
        "connection": 6, 
        "cleaned": null, 
        "has_error": false, 
        "is_submission": false
    }
},
{
    "pk": 55, 
    "model": "django_ccem.message", 
    "fields": {
        "direction": "I", 
        "created": "2014-06-27T19:00:00Z", 
        "text": "Sorry, we don't have any", 
        "modified": "2014-07-23T22:21:43.098Z", 
        "connection": 6, 
        "cleaned": null, 
        "has_error": false, 
        "is_submission": false
    }
},
{
    "pk": 56, 
    "model": "django_ccem.message", 
    "fields": {
        "direction": "O", 
        "created": "2014-07-23T22:21:42.947Z", 
        "text": "Sorry, RapidSMS could not understand your message.", 
        "modified": "2014-07-23T22:21:42.947Z", 
        "connection": 6, 
        "cleaned": null, 
        "has_error": false, 
        "is_submission": false
    }
},
{
    "pk": 57, 
    "model": "django_ccem.message", 
    "fields": {
        "direction": "I", 
        "created": "2014-07-01T19:00:00Z", 
        "text": "ft01slp100", 
        "modified": "2014-07-23T22:21:43.832Z", 
        "connection": 6, 
        "cleaned": "ft01slp100", 
        "has_error": false, 
        "is_submission": true
    }
},
{
    "pk": 58, 
    "model": "django_ccem.message", 
    "fields": {
        "direction": "O", 
        "created": "2014-07-23T22:21:43.539Z", 
        "text": "{'ft': {None: (u'0', u'1')}, 'sl': {u'p': u'100'}}", 
        "modified": "2014-07-23T22:21:43.539Z", 
        "connection": 6, 
        "cleaned": null, 
        "has_error": false, 
        "is_submission": false
    }
},
{
    "pk": 59, 
    "model": "django_ccem.message", 
    "fields": {
        "direction": "I", 
        "created": "2014-07-16T19:00:00Z", 
        "text": "Sorry, we don't have any", 
        "modified": "2014-07-23T22:21:44.275Z", 
        "connection": 6, 
        "cleaned": null, 
        "has_error": false, 
        "is_submission": false
    }
},
{
    "pk": 60, 
    "model": "django_ccem.message", 
    "fields": {
        "direction": "O", 
        "created": "2014-07-23T22:21:44.132Z", 
        "text": "Sorry, RapidSMS could not understand your message.", 
        "modified": "2014-07-23T22:21:44.132Z", 
        "connection": 6, 
        "cleaned": null, 
        "has_error": false, 
        "is_submission": false
    }
},
{
    "pk": 61, 
    "model": "django_ccem.message", 
    "fields": {
        "direction": "I", 
        "created": "2014-06-03T19:00:00Z", 
        "text": "ft99sl100", 
        "modified": "2014-07-23T22:21:45.301Z", 
        "connection": 7, 
        "cleaned": "ft99sl100", 
        "has_error": true, 
        "is_submission": true
    }
},
{
    "pk": 62, 
    "model": "django_ccem.message", 
    "fields": {
        "direction": "O", 
        "created": "2014-07-23T22:21:45.001Z", 
        "text": "Unexpected Character 1", 
        "modified": "2014-07-23T22:21:45.001Z", 
        "connection": 7, 
        "cleaned": null, 
        "has_error": false, 
        "is_submission": false
    }
},
{
    "pk": 63, 
    "model": "django_ccem.message", 
    "fields": {
        "direction": "I", 
        "created": "2014-06-06T19:00:00Z", 
        "text": "ft01slp100", 
        "modified": "2014-07-23T22:21:46.178Z", 
        "connection": 8, 
        "cleaned": "ft01slp100", 
        "has_error": false, 
        "is_submission": true
    }
},
{
    "pk": 64, 
    "model": "django_ccem.message", 
    "fields": {
        "direction": "O", 
        "created": "2014-07-23T22:21:45.878Z", 
        "text": "{'ft': {None: (u'0', u'1')}, 'sl': {u'p': u'100'}}", 
        "modified": "2014-07-23T22:21:45.878Z", 
        "connection": 8, 
        "cleaned": null, 
        "has_error": false, 
        "is_submission": false
    }
},
{
    "pk": 65, 
    "model": "django_ccem.message", 
    "fields": {
        "direction": "I", 
        "created": "2014-06-10T19:00:00Z", 
        "text": "Sorry, we don't have any", 
        "modified": "2014-07-23T22:21:46.768Z", 
        "connection": 9, 
        "cleaned": null, 
        "has_error": false, 
        "is_submission": false
    }
},
{
    "pk": 66, 
    "model": "django_ccem.message", 
    "fields": {
        "direction": "O", 
        "created": "2014-07-23T22:21:46.613Z", 
        "text": "Sorry, RapidSMS could not understand your message.", 
        "modified": "2014-07-23T22:21:46.613Z", 
        "connection": 9, 
        "cleaned": null, 
        "has_error": false, 
        "is_submission": false
    }
},
{
    "pk": 67, 
    "model": "django_ccem.message", 
    "fields": {
        "direction": "I", 
        "created": "2014-07-03T19:00:00Z", 
        "text": "ft01slp100", 
        "modified": "2014-07-23T22:21:47.632Z", 
        "connection": 10, 
        "cleaned": "ft01slp100", 
        "has_error": false, 
        "is_submission": true
    }
},
{
    "pk": 68, 
    "model": "django_ccem.message", 
    "fields": {
        "direction": "O", 
        "created": "2014-07-23T22:21:47.349Z", 
        "text": "{'ft': {None: (u'0', u'1')}, 'sl': {u'p': u'100'}}", 
        "modified": "2014-07-23T22:21:47.349Z", 
        "connection": 10, 
        "cleaned": null, 
        "has_error": false, 
        "is_submission": false
    }
},
{
    "pk": 69, 
    "model": "django_ccem.message", 
    "fields": {
        "direction": "I", 
        "created": "2014-07-11T19:00:00Z", 
        "text": "Sorry, we don't have any", 
        "modified": "2014-07-23T22:21:48.194Z", 
        "connection": 11, 
        "cleaned": null, 
        "has_error": false, 
        "is_submission": false
    }
},
{
    "pk": 70, 
    "model": "django_ccem.message", 
    "fields": {
        "direction": "O", 
        "created": "2014-07-23T22:21:48.050Z", 
        "text": "Sorry, RapidSMS could not understand your message.", 
        "modified": "2014-07-23T22:21:48.050Z", 
        "connection": 11, 
        "cleaned": null, 
        "has_error": false, 
        "is_submission": false
    }
},
{
    "pk": 1, 
    "model": "django_ccem.report", 
    "fields": {
        "commands": "{\"ft\":{\"null\":[\"0\",\"1\"]},\"sl\":{\"p\":\"100\"}}", 
        "created": "2014-07-23T22:21:24.609Z", 
        "modified": "2014-07-23T22:21:24.883Z", 
        "has_error": false, 
        "error": null, 
        "message": 1, 
        "response": 2
    }
},
{
    "pk": 2, 
    "model": "django_ccem.report", 
    "fields": {
        "commands": "{}", 
        "created": "2014-07-23T22:21:25.410Z", 
        "modified": "2014-07-23T22:21:25.681Z", 
        "has_error": true, 
        "error": "ParseError", 
        "message": 3, 
        "response": 4
    }
},
{
    "pk": 3, 
    "model": "django_ccem.report", 
    "fields": {
        "commands": "{\"ft\":{\"null\":[\"0\",\"1\"]},\"sl\":{\"p\":\"100\"}}", 
        "created": "2014-07-23T22:21:26.096Z", 
        "modified": "2014-07-23T22:21:26.361Z", 
        "has_error": false, 
        "error": null, 
        "message": 5, 
        "response": 6
    }
},
{
    "pk": 4, 
    "model": "django_ccem.report", 
    "fields": {
        "commands": "{\"ft\":{\"null\":[\"0\",\"1\"]},\"sl\":{\"p\":\"100\"}}", 
        "created": "2014-07-23T22:21:27.783Z", 
        "modified": "2014-07-23T22:21:28.070Z", 
        "has_error": false, 
        "error": null, 
        "message": 11, 
        "response": 12
    }
},
{
    "pk": 5, 
    "model": "django_ccem.report", 
    "fields": {
        "commands": "{}", 
        "created": "2014-07-23T22:21:28.718Z", 
        "modified": "2014-07-23T22:21:28.995Z", 
        "has_error": true, 
        "error": "ParseError", 
        "message": 13, 
        "response": 14
    }
},
{
    "pk": 6, 
    "model": "django_ccem.report", 
    "fields": {
        "commands": "{\"ft\":{\"null\":[\"0\",\"1\"]},\"sl\":{\"p\":\"100\"}}", 
        "created": "2014-07-23T22:21:30.303Z", 
        "modified": "2014-07-23T22:21:30.570Z", 
        "has_error": false, 
        "error": null, 
        "message": 19, 
        "response": 20
    }
},
{
    "pk": 7, 
    "model": "django_ccem.report", 
    "fields": {
        "commands": "{}", 
        "created": "2014-07-23T22:21:31.272Z", 
        "modified": "2014-07-23T22:21:31.572Z", 
        "has_error": true, 
        "error": "ParseError", 
        "message": 21, 
        "response": 22
    }
},
{
    "pk": 8, 
    "model": "django_ccem.report", 
    "fields": {
        "commands": "{\"ft\":{\"null\":[\"0\",\"1\"]},\"sl\":{\"p\":\"100\"}}", 
        "created": "2014-07-23T22:21:31.983Z", 
        "modified": "2014-07-23T22:21:32.256Z", 
        "has_error": false, 
        "error": null, 
        "message": 23, 
        "response": 24
    }
},
{
    "pk": 9, 
    "model": "django_ccem.report", 
    "fields": {
        "commands": "{\"ft\":{\"null\":[\"0\",\"1\"]},\"sl\":{\"p\":\"100\"}}", 
        "created": "2014-07-23T22:21:32.685Z", 
        "modified": "2014-07-23T22:21:32.966Z", 
        "has_error": false, 
        "error": null, 
        "message": 25, 
        "response": 26
    }
},
{
    "pk": 10, 
    "model": "django_ccem.report", 
    "fields": {
        "commands": "{\"ft\":{\"null\":[\"0\",\"1\"]},\"sl\":{\"p\":\"100\"}}", 
        "created": "2014-07-23T22:21:35.282Z", 
        "modified": "2014-07-23T22:21:35.585Z", 
        "has_error": false, 
        "error": null, 
        "message": 35, 
        "response": 36
    }
},
{
    "pk": 11, 
    "model": "django_ccem.report", 
    "fields": {
        "commands": "{\"ft\":{\"null\":[\"0\",\"1\"]},\"sl\":{\"p\":\"100\"}}", 
        "created": "2014-07-23T22:21:36.027Z", 
        "modified": "2014-07-23T22:21:36.349Z", 
        "has_error": false, 
        "error": null, 
        "message": 37, 
        "response": 38
    }
},
{
    "pk": 12, 
    "model": "django_ccem.report", 
    "fields": {
        "commands": "{}", 
        "created": "2014-07-23T22:21:37.001Z", 
        "modified": "2014-07-23T22:21:37.300Z", 
        "has_error": true, 
        "error": "ParseError", 
        "message": 39, 
        "response": 40
    }
},
{
    "pk": 13, 
    "model": "django_ccem.report", 
    "fields": {
        "commands": "{}", 
        "created": "2014-07-23T22:21:38.028Z", 
        "modified": "2014-07-23T22:21:38.326Z", 
        "has_error": true, 
        "error": "ParseError", 
        "message": 41, 
        "response": 42
    }
},
{
    "pk": 14, 
    "model": "django_ccem.report", 
    "fields": {
        "commands": "{\"ft\":{\"null\":[\"0\",\"1\"]},\"sl\":{\"p\":\"100\"}}", 
        "created": "2014-07-23T22:21:39.682Z", 
        "modified": "2014-07-23T22:21:39.978Z", 
        "has_error": false, 
        "error": null, 
        "message": 47, 
        "response": 48
    }
},
{
    "pk": 15, 
    "model": "django_ccem.report", 
    "fields": {
        "commands": "{\"ft\":{\"null\":[\"0\",\"1\"]},\"sl\":{\"p\":\"100\"}}", 
        "created": "2014-07-23T22:21:40.432Z", 
        "modified": "2014-07-23T22:21:40.713Z", 
        "has_error": false, 
        "error": null, 
        "message": 49, 
        "response": 50
    }
},
{
    "pk": 16, 
    "model": "django_ccem.report", 
    "fields": {
        "commands": "{}", 
        "created": "2014-07-23T22:21:41.443Z", 
        "modified": "2014-07-23T22:21:41.731Z", 
        "has_error": true, 
        "error": "ParseError", 
        "message": 51, 
        "response": 52
    }
},
{
    "pk": 17, 
    "model": "django_ccem.report", 
    "fields": {
        "commands": "{\"ft\":{\"null\":[\"0\",\"1\"]},\"sl\":{\"p\":\"100\"}}", 
        "created": "2014-07-23T22:21:42.194Z", 
        "modified": "2014-07-23T22:21:42.498Z", 
        "has_error": false, 
        "error": null, 
        "message": 53, 
        "response": 54
    }
},
{
    "pk": 18, 
    "model": "django_ccem.report", 
    "fields": {
        "commands": "{\"ft\":{\"null\":[\"0\",\"1\"]},\"sl\":{\"p\":\"100\"}}", 
        "created": "2014-07-23T22:21:43.396Z", 
        "modified": "2014-07-23T22:21:43.681Z", 
        "has_error": false, 
        "error": null, 
        "message": 57, 
        "response": 58
    }
},
{
    "pk": 19, 
    "model": "django_ccem.report", 
    "fields": {
        "commands": "{}", 
        "created": "2014-07-23T22:21:44.857Z", 
        "modified": "2014-07-23T22:21:45.146Z", 
        "has_error": true, 
        "error": "ParseError", 
        "message": 61, 
        "response": 62
    }
},
{
    "pk": 20, 
    "model": "django_ccem.report", 
    "fields": {
        "commands": "{\"ft\":{\"null\":[\"0\",\"1\"]},\"sl\":{\"p\":\"100\"}}", 
        "created": "2014-07-23T22:21:45.733Z", 
        "modified": "2014-07-23T22:21:46.023Z", 
        "has_error": false, 
        "error": null, 
        "message": 63, 
        "response": 64
    }
},
{
    "pk": 21, 
    "model": "django_ccem.report", 
    "fields": {
        "commands": "{\"ft\":{\"null\":[\"0\",\"1\"]},\"sl\":{\"p\":\"100\"}}", 
        "created": "2014-07-23T22:21:47.189Z", 
        "modified": "2014-07-23T22:21:47.495Z", 
        "has_error": false, 
        "error": null, 
        "message": 67, 
        "response": 68
    }
},
{
    "pk": "FRmrFTE63D0", 
    "model": "dhis2.organisationunit", 
    "fields": {
        "parent": "wbZtszn1b0R", 
        "level": 2, 
        "dhis2_code": null, 
        "created": "2014-07-23T22:22:28.155Z", 
        "modified": "2014-07-23T22:22:28.155Z", 
        "i18n_name": "{\"lo\":\"\\u0e9a\\u0ecd\\u0ec8\\u0ec1\\u0e81\\u0ec9\\u0ea7\",\"ke\":\"Bokeo\"}"
    }
},
{
    "pk": "JkDRFRhTl7C", 
    "model": "dhis2.organisationunit", 
    "fields": {
        "parent": "FRmrFTE63D0", 
        "level": 3, 
        "dhis2_code": "0504", 
        "created": "2014-07-23T22:22:28.493Z", 
        "modified": "2014-07-23T22:22:28.494Z", 
        "i18n_name": "{\"lo\":\"\\u0e9c\\u0eb2\\u0ead\\u0eb8\\u0e94\\u0ebb\\u0ea1\",\"ke\":\"PhaOudom\"}"
    }
},
{
    "pk": "wbZtszn1b0R", 
    "model": "dhis2.organisationunit", 
    "fields": {
        "parent": null, 
        "level": 1, 
        "dhis2_code": null, 
        "created": "2014-07-23T22:22:27.876Z", 
        "modified": "2014-07-23T22:22:27.876Z", 
        "i18n_name": "{\"ke\":\"Lao PDR\"}"
    }
},
{
    "pk": "zutyzPVR83q", 
    "model": "dhis2.organisationunit", 
    "fields": {
        "parent": "JkDRFRhTl7C", 
        "level": 4, 
        "dhis2_code": null, 
        "created": "2014-07-23T22:22:30.672Z", 
        "modified": "2014-07-23T22:22:30.672Z", 
        "i18n_name": "{\"lo\":\"\\u0ec3\\u0edd\\u0ec8\",\"ke\":\"May\"}"
    }
},
{
    "pk": "HObZr5ff7tz", 
    "model": "dhis2.facility", 
    "fields": {
        "parent": "JkDRFRhTl7C", 
        "level": 4, 
        "dhis2_code": "0504003", 
        "created": "2014-07-23T22:22:28.762Z", 
        "modified": "2014-07-23T22:22:28.762Z", 
        "i18n_name": "{\"ke\":\"Ban Hai HC\"}"
    }
},
{
    "pk": "atxW4x8rePt", 
    "model": "dhis2.facility", 
    "fields": {
        "parent": "JkDRFRhTl7C", 
        "level": 4, 
        "dhis2_code": null, 
        "created": "2014-07-23T22:22:30.386Z", 
        "modified": "2014-07-23T22:22:30.386Z", 
        "i18n_name": "{\"ke\":\"PhaOudom district hospital\"}"
    }
},
{
    "pk": "i6hHJeIxPIU", 
    "model": "dhis2.facility", 
    "fields": {
        "parent": "JkDRFRhTl7C", 
        "level": 4, 
        "dhis2_code": "0504005", 
        "created": "2014-07-23T22:22:29.864Z", 
        "modified": "2014-07-23T22:22:29.864Z", 
        "i18n_name": "{\"lo\":\"\\u0eaa\\u0eb8\\u0e81\\u0e88\\u0eb0\\u0ec0\\u0ea5\\u0eb5\\u0e99\",\"ke\":\"souckchaleun\"}"
    }
},
{
    "pk": "n1NJDsjmfqp", 
    "model": "dhis2.facility", 
    "fields": {
        "parent": "JkDRFRhTl7C", 
        "level": 4, 
        "dhis2_code": "0504006", 
        "created": "2014-07-23T22:22:30.121Z", 
        "modified": "2014-07-23T22:22:30.121Z", 
        "i18n_name": "{\"lo\":\"\\u0ea7\\u0eb1\\u0e87\\u0e9b\\u0ec9\\u0ead\\u0ea1\",\"ke\":\"Vangpoom\"}"
    }
},
{
    "pk": "nrkegHmS7Wp", 
    "model": "dhis2.facility", 
    "fields": {
        "parent": "JkDRFRhTl7C", 
        "level": 4, 
        "dhis2_code": "0504001", 
        "created": "2014-07-23T22:22:29.590Z", 
        "modified": "2014-07-23T22:22:29.590Z", 
        "i18n_name": "{\"lo\":\"\\u0eab\\u0eb2\\u0e94\\u200b\\u0edc\\u0eb2\\u0ea1\",\"ke\":\"Hatnam\"}"
    }
},
{
    "pk": "xokBtfDD3Y8", 
    "model": "dhis2.facility", 
    "fields": {
        "parent": "JkDRFRhTl7C", 
        "level": 4, 
        "dhis2_code": "0504004", 
        "created": "2014-07-23T22:22:29.033Z", 
        "modified": "2014-07-23T22:22:29.034Z", 
        "i18n_name": "{\"lo\":\"\\u0ea1\\u0ebb\\u0e81\\u0ec2\\u0e8a (\\u0e9b\\u0eb8\\u0ec8\\u0e87\\u0ea5\\u0eb2\\u0e94)\",\"ke\":\"Mooksook\"}"
    }
},
{
    "pk": "ztJBC39jj2o", 
    "model": "dhis2.facility", 
    "fields": {
        "parent": "JkDRFRhTl7C", 
        "level": 4, 
        "dhis2_code": "0504002", 
        "created": "2014-07-23T22:22:29.307Z", 
        "modified": "2014-07-23T22:22:29.307Z", 
        "i18n_name": "{\"lo\":\"\\u0e9a\\u0ec9\\u0eb2\\u0e99\\u200b\\u0ec0\\u0e9e\\u0eb1\\u0e87\",\"ke\":\"Banpheng\"}"
    }
},
{
    "pk": 1, 
    "model": "dhis2.contact", 
    "fields": {
        "language": "ke", 
        "facility": "HObZr5ff7tz", 
        "modified": "2014-07-23T22:28:33.827Z", 
        "name": "Trevor", 
        "created": "2014-07-23T22:23:30.021Z"
    }
},
{
    "pk": 2, 
    "model": "dhis2.contact", 
    "fields": {
        "language": "ke", 
        "facility": "xokBtfDD3Y8", 
        "modified": "2014-07-23T22:28:40.579Z", 
        "name": "Fahad", 
        "created": "2014-07-23T22:23:38.140Z"
    }
},
{
    "pk": 3, 
    "model": "dhis2.contact", 
    "fields": {
        "language": "ke", 
        "facility": "ztJBC39jj2o", 
        "modified": "2014-07-23T22:28:48.232Z", 
        "name": "Waylon", 
        "created": "2014-07-23T22:23:46.659Z"
    }
},
{
    "pk": 4, 
    "model": "dhis2.contact", 
    "fields": {
        "language": "ke", 
        "facility": "nrkegHmS7Wp", 
        "modified": "2014-07-23T22:31:22.911Z", 
        "name": "Sam", 
        "created": "2014-07-23T22:23:53.752Z"
    }
},
{
    "pk": 5, 
    "model": "dhis2.contact", 
    "fields": {
        "language": "ke", 
        "facility": "i6hHJeIxPIU", 
        "modified": "2014-07-23T22:29:05.163Z", 
        "name": "Nicki", 
        "created": "2014-07-23T22:24:04.155Z"
    }
},
{
    "pk": 6, 
    "model": "dhis2.contact", 
    "fields": {
        "language": "en", 
        "facility": "n1NJDsjmfqp", 
        "modified": "2014-07-23T22:29:14.699Z", 
        "name": "Gaetano", 
        "created": "2014-07-23T22:24:15.753Z"
    }
},
{
    "pk": 7, 
    "model": "dhis2.contact", 
    "fields": {
        "language": "en", 
        "facility": "n1NJDsjmfqp", 
        "modified": "2014-07-23T22:32:07.630Z", 
        "name": "Richard", 
        "created": "2014-07-23T22:24:32.329Z"
    }
},
{
    "pk": 1, 
    "model": "dhis2.contactconnection", 
    "fields": {
        "connection": 1, 
        "contact": 1
    }
},
{
    "pk": 2, 
    "model": "dhis2.contactconnection", 
    "fields": {
        "connection": 2, 
        "contact": 2
    }
},
{
    "pk": 3, 
    "model": "dhis2.contactconnection", 
    "fields": {
        "connection": 3, 
        "contact": 3
    }
},
{
    "pk": 5, 
    "model": "dhis2.contactconnection", 
    "fields": {
        "connection": 5, 
        "contact": 5
    }
},
{
    "pk": 6, 
    "model": "dhis2.contactconnection", 
    "fields": {
        "connection": 6, 
        "contact": 6
    }
},
{
    "pk": 7, 
    "model": "dhis2.contactconnection", 
    "fields": {
        "connection": 4, 
        "contact": 7
    }
},
{
    "pk": 1, 
    "model": "rapidsms.backend", 
    "fields": {
        "name": "message_tester"
    }
},
{
    "pk": 2, 
    "model": "rapidsms.backend", 
    "fields": {
        "name": "test_backend"
    }
},
{
    "pk": 1, 
    "model": "rapidsms.connection", 
    "fields": {
        "modified_on": "2014-07-23T22:21:24.358Z", 
        "created_on": "2014-07-23T22:21:24.358Z", 
        "contact": null, 
        "identity": "1234", 
        "backend": 2
    }
},
{
    "pk": 2, 
    "model": "rapidsms.connection", 
    "fields": {
        "modified_on": "2014-07-23T22:21:27.476Z", 
        "created_on": "2014-07-23T22:21:27.476Z", 
        "contact": null, 
        "identity": "2345", 
        "backend": 2
    }
},
{
    "pk": 3, 
    "model": "rapidsms.connection", 
    "fields": {
        "modified_on": "2014-07-23T22:21:30.860Z", 
        "created_on": "2014-07-23T22:21:30.860Z", 
        "contact": null, 
        "identity": "3456", 
        "backend": 2
    }
},
{
    "pk": 4, 
    "model": "rapidsms.connection", 
    "fields": {
        "modified_on": "2014-07-23T22:21:34.117Z", 
        "created_on": "2014-07-23T22:21:34.117Z", 
        "contact": null, 
        "identity": "4567", 
        "backend": 2
    }
},
{
    "pk": 5, 
    "model": "rapidsms.connection", 
    "fields": {
        "modified_on": "2014-07-23T22:21:37.599Z", 
        "created_on": "2014-07-23T22:21:37.599Z", 
        "contact": null, 
        "identity": "5678", 
        "backend": 2
    }
},
{
    "pk": 6, 
    "model": "rapidsms.connection", 
    "fields": {
        "modified_on": "2014-07-23T22:21:41.010Z", 
        "created_on": "2014-07-23T22:21:41.010Z", 
        "contact": null, 
        "identity": "6789", 
        "backend": 2
    }
},
{
    "pk": 7, 
    "model": "rapidsms.connection", 
    "fields": {
        "modified_on": "2014-07-23T22:21:44.426Z", 
        "created_on": "2014-07-23T22:21:44.426Z", 
        "contact": null, 
        "identity": "0001", 
        "backend": 2
    }
},
{
    "pk": 8, 
    "model": "rapidsms.connection", 
    "fields": {
        "modified_on": "2014-07-23T22:21:45.453Z", 
        "created_on": "2014-07-23T22:21:45.453Z", 
        "contact": null, 
        "identity": "0002", 
        "backend": 2
    }
},
{
    "pk": 9, 
    "model": "rapidsms.connection", 
    "fields": {
        "modified_on": "2014-07-23T22:21:46.330Z", 
        "created_on": "2014-07-23T22:21:46.330Z", 
        "contact": null, 
        "identity": "0003", 
        "backend": 2
    }
},
{
    "pk": 10, 
    "model": "rapidsms.connection", 
    "fields": {
        "modified_on": "2014-07-23T22:21:46.917Z", 
        "created_on": "2014-07-23T22:21:46.917Z", 
        "contact": null, 
        "identity": "0004", 
        "backend": 2
    }
},
{
    "pk": 11, 
    "model": "rapidsms.connection", 
    "fields": {
        "modified_on": "2014-07-23T22:21:47.773Z", 
        "created_on": "2014-07-23T22:21:47.773Z", 
        "contact": null, 
        "identity": "0005", 
        "backend": 2
    }
}
]
