[
{
    "pk": 1, 
    "model": "django_ccem.message", 
    "fields": {
        "created": "2014-06-01T19:00:00Z", 
        "modified": "2014-07-18T07:28:26.594Z", 
        "has_error": false, 
        "cleaned": "ft01slp100", 
        "message": 1, 
        "is_submission": true
    }
},
{
    "pk": 2, 
    "model": "django_ccem.message", 
    "fields": {
        "created": "2014-06-07T19:00:00Z", 
        "modified": "2014-07-18T07:28:27.672Z", 
        "has_error": true, 
        "cleaned": "ft99sl100", 
        "message": 3, 
        "is_submission": true
    }
},
{
    "pk": 3, 
    "model": "django_ccem.message", 
    "fields": {
        "created": "2014-06-23T19:00:00Z", 
        "modified": "2014-07-18T07:28:28.749Z", 
        "has_error": false, 
        "cleaned": "ft01slp100", 
        "message": 5, 
        "is_submission": true
    }
},
{
    "pk": 4, 
    "model": "django_ccem.message", 
    "fields": {
        "created": "2014-07-10T19:00:00Z", 
        "modified": "2014-07-18T07:28:29.406Z", 
        "has_error": false, 
        "cleaned": "sorry,wedon'thaveany", 
        "message": 7, 
        "is_submission": false
    }
},
{
    "pk": 5, 
    "model": "django_ccem.message", 
    "fields": {
        "created": "2014-07-16T19:00:00Z", 
        "modified": "2014-07-18T07:28:29.946Z", 
        "has_error": false, 
        "cleaned": "sorry,wedon'thaveany", 
        "message": 9, 
        "is_submission": false
    }
},
{
    "pk": 6, 
    "model": "django_ccem.message", 
    "fields": {
        "created": "2014-06-03T19:00:00Z", 
        "modified": "2014-07-18T07:28:31.139Z", 
        "has_error": false, 
        "cleaned": "ft01slp100", 
        "message": 11, 
        "is_submission": true
    }
},
{
    "pk": 7, 
    "model": "django_ccem.message", 
    "fields": {
        "created": "2014-06-09T19:00:00Z", 
        "modified": "2014-07-18T07:28:32.311Z", 
        "has_error": true, 
        "cleaned": "ft99sl100", 
        "message": 13, 
        "is_submission": true
    }
},
{
    "pk": 8, 
    "model": "django_ccem.message", 
    "fields": {
        "created": "2014-06-17T19:00:00Z", 
        "modified": "2014-07-18T07:28:32.847Z", 
        "has_error": false, 
        "cleaned": "sorry,wedon'thaveany", 
        "message": 15, 
        "is_submission": false
    }
},
{
    "pk": 9, 
    "model": "django_ccem.message", 
    "fields": {
        "created": "2014-07-05T19:00:00Z", 
        "modified": "2014-07-18T07:28:33.392Z", 
        "has_error": false, 
        "cleaned": "sorry,wedon'thaveany", 
        "message": 17, 
        "is_submission": false
    }
},
{
    "pk": 10, 
    "model": "django_ccem.message", 
    "fields": {
        "created": "2014-07-09T19:00:00Z", 
        "modified": "2014-07-18T07:28:34.517Z", 
        "has_error": false, 
        "cleaned": "ft01slp100", 
        "message": 19, 
        "is_submission": true
    }
},
{
    "pk": 11, 
    "model": "django_ccem.message", 
    "fields": {
        "created": "2014-06-09T19:00:00Z", 
        "modified": "2014-07-18T07:28:35.713Z", 
        "has_error": true, 
        "cleaned": "ft99sl100", 
        "message": 21, 
        "is_submission": true
    }
},
{
    "pk": 12, 
    "model": "django_ccem.message", 
    "fields": {
        "created": "2014-06-11T19:00:00Z", 
        "modified": "2014-07-18T07:28:36.775Z", 
        "has_error": false, 
        "cleaned": "ft01slp100", 
        "message": 23, 
        "is_submission": true
    }
},
{
    "pk": 13, 
    "model": "django_ccem.message", 
    "fields": {
        "created": "2014-06-22T19:00:00Z", 
        "modified": "2014-07-18T07:28:37.926Z", 
        "has_error": false, 
        "cleaned": "ft01slp100", 
        "message": 25, 
        "is_submission": true
    }
},
{
    "pk": 14, 
    "model": "django_ccem.message", 
    "fields": {
        "created": "2014-07-04T19:00:00Z", 
        "modified": "2014-07-18T07:28:38.453Z", 
        "has_error": false, 
        "cleaned": "sorry,wedon'thaveany", 
        "message": 27, 
        "is_submission": false
    }
},
{
    "pk": 15, 
    "model": "django_ccem.message", 
    "fields": {
        "created": "2014-07-15T19:00:00Z", 
        "modified": "2014-07-18T07:28:39.030Z", 
        "has_error": false, 
        "cleaned": "sorry,wedon'thaveany", 
        "message": 29, 
        "is_submission": false
    }
},
{
    "pk": 16, 
    "model": "django_ccem.message", 
    "fields": {
        "created": "2014-06-04T19:00:00Z", 
        "modified": "2014-07-18T07:28:39.717Z", 
        "has_error": false, 
        "cleaned": "sorry,wedon'thaveany", 
        "message": 31, 
        "is_submission": false
    }
},
{
    "pk": 17, 
    "model": "django_ccem.message", 
    "fields": {
        "created": "2014-06-05T19:00:00Z", 
        "modified": "2014-07-18T07:28:40.245Z", 
        "has_error": false, 
        "cleaned": "sorry,wedon'thaveany", 
        "message": 33, 
        "is_submission": false
    }
},
{
    "pk": 18, 
    "model": "django_ccem.message", 
    "fields": {
        "created": "2014-06-27T19:00:00Z", 
        "modified": "2014-07-18T07:28:41.370Z", 
        "has_error": false, 
        "cleaned": "ft01slp100", 
        "message": 35, 
        "is_submission": true
    }
},
{
    "pk": 19, 
    "model": "django_ccem.message", 
    "fields": {
        "created": "2014-07-01T19:00:00Z", 
        "modified": "2014-07-18T07:28:42.514Z", 
        "has_error": false, 
        "cleaned": "ft01slp100", 
        "message": 37, 
        "is_submission": true
    }
},
{
    "pk": 20, 
    "model": "django_ccem.message", 
    "fields": {
        "created": "2014-07-17T19:00:00Z", 
        "modified": "2014-07-18T07:28:43.642Z", 
        "has_error": true, 
        "cleaned": "ft99sl100", 
        "message": 39, 
        "is_submission": true
    }
},
{
    "pk": 21, 
    "model": "django_ccem.message", 
    "fields": {
        "created": "2014-06-01T19:00:00Z", 
        "modified": "2014-07-18T07:28:45.019Z", 
        "has_error": true, 
        "cleaned": "ft99sl100", 
        "message": 41, 
        "is_submission": true
    }
},
{
    "pk": 22, 
    "model": "django_ccem.message", 
    "fields": {
        "created": "2014-06-05T19:00:00Z", 
        "modified": "2014-07-18T07:28:45.599Z", 
        "has_error": false, 
        "cleaned": "sorry,wedon'thaveany", 
        "message": 43, 
        "is_submission": false
    }
},
{
    "pk": 23, 
    "model": "django_ccem.message", 
    "fields": {
        "created": "2014-06-27T19:00:00Z", 
        "modified": "2014-07-18T07:28:46.174Z", 
        "has_error": false, 
        "cleaned": "sorry,wedon'thaveany", 
        "message": 45, 
        "is_submission": false
    }
},
{
    "pk": 24, 
    "model": "django_ccem.message", 
    "fields": {
        "created": "2014-07-01T19:00:00Z", 
        "modified": "2014-07-18T07:28:47.291Z", 
        "has_error": false, 
        "cleaned": "ft01slp100", 
        "message": 47, 
        "is_submission": true
    }
},
{
    "pk": 25, 
    "model": "django_ccem.message", 
    "fields": {
        "created": "2014-07-16T19:00:00Z", 
        "modified": "2014-07-18T07:28:48.444Z", 
        "has_error": false, 
        "cleaned": "ft01slp100", 
        "message": 49, 
        "is_submission": true
    }
},
{
    "pk": 26, 
    "model": "django_ccem.message", 
    "fields": {
        "created": "2014-06-01T19:00:00Z", 
        "modified": "2014-07-18T07:28:49.722Z", 
        "has_error": true, 
        "cleaned": "ft99sl100", 
        "message": 51, 
        "is_submission": true
    }
},
{
    "pk": 27, 
    "model": "django_ccem.message", 
    "fields": {
        "created": "2014-06-05T19:00:00Z", 
        "modified": "2014-07-18T07:28:50.882Z", 
        "has_error": false, 
        "cleaned": "ft01slp100", 
        "message": 53, 
        "is_submission": true
    }
},
{
    "pk": 28, 
    "model": "django_ccem.message", 
    "fields": {
        "created": "2014-06-27T19:00:00Z", 
        "modified": "2014-07-18T07:28:51.438Z", 
        "has_error": false, 
        "cleaned": "sorry,wedon'thaveany", 
        "message": 55, 
        "is_submission": false
    }
},
{
    "pk": 29, 
    "model": "django_ccem.message", 
    "fields": {
        "created": "2014-07-01T19:00:00Z", 
        "modified": "2014-07-18T07:28:52.579Z", 
        "has_error": false, 
        "cleaned": "ft01slp100", 
        "message": 57, 
        "is_submission": true
    }
},
{
    "pk": 30, 
    "model": "django_ccem.message", 
    "fields": {
        "created": "2014-07-16T19:00:00Z", 
        "modified": "2014-07-18T07:28:53.143Z", 
        "has_error": false, 
        "cleaned": "sorry,wedon'thaveany", 
        "message": 59, 
        "is_submission": false
    }
},
{
    "pk": 1, 
    "model": "django_ccem.report", 
    "fields": {
        "commands": "{\"ft\":{\"null\":[\"0\",\"1\"]},\"sl\":{\"p\":\"100\"}}", 
        "errors": "[]", 
        "created": "2014-07-18T07:28:25.935Z", 
        "modified": "2014-07-18T07:28:26.454Z", 
        "has_error": false, 
        "message": 1, 
        "response": 2
    }
},
{
    "pk": 2, 
    "model": "django_ccem.report", 
    "fields": {
        "commands": "{\"ft\":{\"null\":[\"9\",\"9\"]},\"sl\":{}}", 
        "errors": "[\"INVALID_NEXT_KEYWORD\"]", 
        "created": "2014-07-18T07:28:27.129Z", 
        "modified": "2014-07-18T07:28:27.531Z", 
        "has_error": true, 
        "message": 2, 
        "response": 4
    }
},
{
    "pk": 3, 
    "model": "django_ccem.report", 
    "fields": {
        "commands": "{\"ft\":{\"null\":[\"0\",\"1\"]},\"sl\":{\"p\":\"100\"}}", 
        "errors": "[]", 
        "created": "2014-07-18T07:28:28.198Z", 
        "modified": "2014-07-18T07:28:28.609Z", 
        "has_error": false, 
        "message": 3, 
        "response": 6
    }
},
{
    "pk": 4, 
    "model": "django_ccem.report", 
    "fields": {
        "commands": "{\"ft\":{\"null\":[\"0\",\"1\"]},\"sl\":{\"p\":\"100\"}}", 
        "errors": "[]", 
        "created": "2014-07-18T07:28:30.595Z", 
        "modified": "2014-07-18T07:28:30.997Z", 
        "has_error": false, 
        "message": 6, 
        "response": 12
    }
},
{
    "pk": 5, 
    "model": "django_ccem.report", 
    "fields": {
        "commands": "{\"ft\":{\"null\":[\"9\",\"9\"]},\"sl\":{}}", 
        "errors": "[\"INVALID_NEXT_KEYWORD\"]", 
        "created": "2014-07-18T07:28:31.774Z", 
        "modified": "2014-07-18T07:28:32.168Z", 
        "has_error": true, 
        "message": 7, 
        "response": 14
    }
},
{
    "pk": 6, 
    "model": "django_ccem.report", 
    "fields": {
        "commands": "{\"ft\":{\"null\":[\"0\",\"1\"]},\"sl\":{\"p\":\"100\"}}", 
        "errors": "[]", 
        "created": "2014-07-18T07:28:33.914Z", 
        "modified": "2014-07-18T07:28:34.366Z", 
        "has_error": false, 
        "message": 10, 
        "response": 20
    }
},
{
    "pk": 7, 
    "model": "django_ccem.report", 
    "fields": {
        "commands": "{\"ft\":{\"null\":[\"9\",\"9\"]},\"sl\":{}}", 
        "errors": "[\"INVALID_NEXT_KEYWORD\"]", 
        "created": "2014-07-18T07:28:35.159Z", 
        "modified": "2014-07-18T07:28:35.570Z", 
        "has_error": true, 
        "message": 11, 
        "response": 22
    }
},
{
    "pk": 8, 
    "model": "django_ccem.report", 
    "fields": {
        "commands": "{\"ft\":{\"null\":[\"0\",\"1\"]},\"sl\":{\"p\":\"100\"}}", 
        "errors": "[]", 
        "created": "2014-07-18T07:28:36.204Z", 
        "modified": "2014-07-18T07:28:36.625Z", 
        "has_error": false, 
        "message": 12, 
        "response": 24
    }
},
{
    "pk": 9, 
    "model": "django_ccem.report", 
    "fields": {
        "commands": "{\"ft\":{\"null\":[\"0\",\"1\"]},\"sl\":{\"p\":\"100\"}}", 
        "errors": "[]", 
        "created": "2014-07-18T07:28:37.332Z", 
        "modified": "2014-07-18T07:28:37.769Z", 
        "has_error": false, 
        "message": 13, 
        "response": 26
    }
},
{
    "pk": 10, 
    "model": "django_ccem.report", 
    "fields": {
        "commands": "{\"ft\":{\"null\":[\"0\",\"1\"]},\"sl\":{\"p\":\"100\"}}", 
        "errors": "[]", 
        "created": "2014-07-18T07:28:40.791Z", 
        "modified": "2014-07-18T07:28:41.218Z", 
        "has_error": false, 
        "message": 18, 
        "response": 36
    }
},
{
    "pk": 11, 
    "model": "django_ccem.report", 
    "fields": {
        "commands": "{\"ft\":{\"null\":[\"0\",\"1\"]},\"sl\":{\"p\":\"100\"}}", 
        "errors": "[]", 
        "created": "2014-07-18T07:28:41.927Z", 
        "modified": "2014-07-18T07:28:42.362Z", 
        "has_error": false, 
        "message": 19, 
        "response": 38
    }
},
{
    "pk": 12, 
    "model": "django_ccem.report", 
    "fields": {
        "commands": "{\"ft\":{\"null\":[\"9\",\"9\"]},\"sl\":{}}", 
        "errors": "[\"INVALID_NEXT_KEYWORD\"]", 
        "created": "2014-07-18T07:28:43.071Z", 
        "modified": "2014-07-18T07:28:43.490Z", 
        "has_error": true, 
        "message": 20, 
        "response": 40
    }
},
{
    "pk": 13, 
    "model": "django_ccem.report", 
    "fields": {
        "commands": "{\"ft\":{\"null\":[\"9\",\"9\"]},\"sl\":{}}", 
        "errors": "[\"INVALID_NEXT_KEYWORD\"]", 
        "created": "2014-07-18T07:28:44.425Z", 
        "modified": "2014-07-18T07:28:44.861Z", 
        "has_error": true, 
        "message": 21, 
        "response": 42
    }
},
{
    "pk": 14, 
    "model": "django_ccem.report", 
    "fields": {
        "commands": "{\"ft\":{\"null\":[\"0\",\"1\"]},\"sl\":{\"p\":\"100\"}}", 
        "errors": "[]", 
        "created": "2014-07-18T07:28:46.706Z", 
        "modified": "2014-07-18T07:28:47.133Z", 
        "has_error": false, 
        "message": 24, 
        "response": 48
    }
},
{
    "pk": 15, 
    "model": "django_ccem.report", 
    "fields": {
        "commands": "{\"ft\":{\"null\":[\"0\",\"1\"]},\"sl\":{\"p\":\"100\"}}", 
        "errors": "[]", 
        "created": "2014-07-18T07:28:47.858Z", 
        "modified": "2014-07-18T07:28:48.294Z", 
        "has_error": false, 
        "message": 25, 
        "response": 50
    }
},
{
    "pk": 16, 
    "model": "django_ccem.report", 
    "fields": {
        "commands": "{\"ft\":{\"null\":[\"9\",\"9\"]},\"sl\":{}}", 
        "errors": "[\"INVALID_NEXT_KEYWORD\"]", 
        "created": "2014-07-18T07:28:49.127Z", 
        "modified": "2014-07-18T07:28:49.570Z", 
        "has_error": true, 
        "message": 26, 
        "response": 52
    }
},
{
    "pk": 17, 
    "model": "django_ccem.report", 
    "fields": {
        "commands": "{\"ft\":{\"null\":[\"0\",\"1\"]},\"sl\":{\"p\":\"100\"}}", 
        "errors": "[]", 
        "created": "2014-07-18T07:28:50.297Z", 
        "modified": "2014-07-18T07:28:50.724Z", 
        "has_error": false, 
        "message": 27, 
        "response": 54
    }
},
{
    "pk": 18, 
    "model": "django_ccem.report", 
    "fields": {
        "commands": "{\"ft\":{\"null\":[\"0\",\"1\"]},\"sl\":{\"p\":\"100\"}}", 
        "errors": "[]", 
        "created": "2014-07-18T07:28:52.017Z", 
        "modified": "2014-07-18T07:28:52.430Z", 
        "has_error": false, 
        "message": 29, 
        "response": 58
    }
},
{
    "pk": "FRmrFTE63D0", 
    "model": "dhis2.organisationunit", 
    "fields": {
        "parent": "wbZtszn1b0R", 
        "level": 2, 
        "dhis2_code": null, 
        "created": "2014-07-18T02:28:16.938Z", 
        "modified": "2014-07-18T02:28:16.939Z", 
        "i18n_name": "{\"lo\":\"\\u0e9a\\u0ecd\\u0ec8\\u0ec1\\u0e81\\u0ec9\\u0ea7\",\"ke\":\"Bokeo\"}"
    }
},
{
    "pk": "JkDRFRhTl7C", 
    "model": "dhis2.organisationunit", 
    "fields": {
        "parent": "FRmrFTE63D0", 
        "level": 3, 
        "dhis2_code": "0504", 
        "created": "2014-07-18T02:28:17.223Z", 
        "modified": "2014-07-18T02:28:17.223Z", 
        "i18n_name": "{\"lo\":\"\\u0e9c\\u0eb2\\u0ead\\u0eb8\\u0e94\\u0ebb\\u0ea1\",\"ke\":\"PhaOudom\"}"
    }
},
{
    "pk": "ofKhxvVUALX", 
    "model": "dhis2.organisationunit", 
    "fields": {
        "parent": "FRmrFTE63D0", 
        "level": 3, 
        "dhis2_code": "0503", 
        "created": "2014-07-18T02:28:32.649Z", 
        "modified": "2014-07-18T02:28:32.649Z", 
        "i18n_name": "{\"lo\":\"\\u0ec0\\u0ea1\\u0eb4\\u0e87\",\"ke\":\"Meung\"}"
    }
},
{
    "pk": "wbZtszn1b0R", 
    "model": "dhis2.organisationunit", 
    "fields": {
        "parent": null, 
        "level": 1, 
        "dhis2_code": null, 
        "created": "2014-07-18T02:28:16.640Z", 
        "modified": "2014-07-18T02:28:16.640Z", 
        "i18n_name": "{\"ke\":\"Lao PDR\"}"
    }
},
{
    "pk": "zutyzPVR83q", 
    "model": "dhis2.organisationunit", 
    "fields": {
        "parent": "JkDRFRhTl7C", 
        "level": 4, 
        "dhis2_code": null, 
        "created": "2014-07-18T02:28:19.466Z", 
        "modified": "2014-07-18T02:28:19.466Z", 
        "i18n_name": "{\"lo\":\"\\u0ec3\\u0edd\\u0ec8\",\"ke\":\"May\"}"
    }
},
{
    "pk": "HObZr5ff7tz", 
    "model": "dhis2.facility", 
    "fields": {
        "parent": "JkDRFRhTl7C", 
        "level": 4, 
        "dhis2_code": "0504003", 
        "created": "2014-07-18T02:28:17.509Z", 
        "modified": "2014-07-18T02:28:17.509Z", 
        "i18n_name": "{\"ke\":\"Ban Hai HC\"}"
    }
},
{
    "pk": "QjgkszpZCqW", 
    "model": "dhis2.facility", 
    "fields": {
        "parent": "ofKhxvVUALX", 
        "level": 4, 
        "dhis2_code": "0503002", 
        "created": "2014-07-18T02:28:33.268Z", 
        "modified": "2014-07-18T02:28:33.268Z", 
        "i18n_name": "{\"ke\":\"Houanamkha\"}"
    }
},
{
    "pk": "RKeSKmriA1M", 
    "model": "dhis2.facility", 
    "fields": {
        "parent": "ofKhxvVUALX", 
        "level": 4, 
        "dhis2_code": "0503003", 
        "created": "2014-07-18T02:28:33.845Z", 
        "modified": "2014-07-18T02:28:33.845Z", 
        "i18n_name": "{\"ke\":\"NamNhou\"}"
    }
},
{
    "pk": "ZfBd7zpw6st", 
    "model": "dhis2.facility", 
    "fields": {
        "parent": "ofKhxvVUALX", 
        "level": 4, 
        "dhis2_code": "0503001", 
        "created": "2014-07-18T02:28:32.934Z", 
        "modified": "2014-07-18T02:28:32.934Z", 
        "i18n_name": "{\"ke\":\"Houayphadam\"}"
    }
},
{
    "pk": "atxW4x8rePt", 
    "model": "dhis2.facility", 
    "fields": {
        "parent": "JkDRFRhTl7C", 
        "level": 4, 
        "dhis2_code": null, 
        "created": "2014-07-18T02:28:19.174Z", 
        "modified": "2014-07-18T02:28:19.174Z", 
        "i18n_name": "{\"ke\":\"PhaOudom district hospital\"}"
    }
},
{
    "pk": "c9pSsLqS4zi", 
    "model": "dhis2.facility", 
    "fields": {
        "parent": "ofKhxvVUALX", 
        "level": 4, 
        "dhis2_code": null, 
        "created": "2014-07-18T02:28:34.129Z", 
        "modified": "2014-07-18T02:28:34.129Z", 
        "i18n_name": "{\"ke\":\"Meung district hospital\"}"
    }
},
{
    "pk": "i6hHJeIxPIU", 
    "model": "dhis2.facility", 
    "fields": {
        "parent": "JkDRFRhTl7C", 
        "level": 4, 
        "dhis2_code": "0504005", 
        "created": "2014-07-18T02:28:18.615Z", 
        "modified": "2014-07-18T02:28:18.615Z", 
        "i18n_name": "{\"lo\":\"\\u0eaa\\u0eb8\\u0e81\\u0e88\\u0eb0\\u0ec0\\u0ea5\\u0eb5\\u0e99\",\"ke\":\"souckchaleun\"}"
    }
},
{
    "pk": "n1NJDsjmfqp", 
    "model": "dhis2.facility", 
    "fields": {
        "parent": "JkDRFRhTl7C", 
        "level": 4, 
        "dhis2_code": "0504006", 
        "created": "2014-07-18T02:28:18.895Z", 
        "modified": "2014-07-18T02:28:18.895Z", 
        "i18n_name": "{\"lo\":\"\\u0ea7\\u0eb1\\u0e87\\u0e9b\\u0ec9\\u0ead\\u0ea1\",\"ke\":\"Vangpoom\"}"
    }
},
{
    "pk": "nrkegHmS7Wp", 
    "model": "dhis2.facility", 
    "fields": {
        "parent": "JkDRFRhTl7C", 
        "level": 4, 
        "dhis2_code": "0504001", 
        "created": "2014-07-18T02:28:18.332Z", 
        "modified": "2014-07-18T02:28:18.332Z", 
        "i18n_name": "{\"lo\":\"\\u0eab\\u0eb2\\u0e94\\u200b\\u0edc\\u0eb2\\u0ea1\",\"ke\":\"Hatnam\"}"
    }
},
{
    "pk": "uJUIn7fxRdJ", 
    "model": "dhis2.facility", 
    "fields": {
        "parent": "ofKhxvVUALX", 
        "level": 4, 
        "dhis2_code": "0503004", 
        "created": "2014-07-18T02:28:33.558Z", 
        "modified": "2014-07-18T02:28:33.558Z", 
        "i18n_name": "{\"ke\":\"Longphabard\"}"
    }
},
{
    "pk": "xokBtfDD3Y8", 
    "model": "dhis2.facility", 
    "fields": {
        "parent": "JkDRFRhTl7C", 
        "level": 4, 
        "dhis2_code": "0504004", 
        "created": "2014-07-18T02:28:17.782Z", 
        "modified": "2014-07-18T02:28:17.782Z", 
        "i18n_name": "{\"lo\":\"\\u0ea1\\u0ebb\\u0e81\\u0ec2\\u0e8a (\\u0e9b\\u0eb8\\u0ec8\\u0e87\\u0ea5\\u0eb2\\u0e94)\",\"ke\":\"Mooksook\"}"
    }
},
{
    "pk": "ztJBC39jj2o", 
    "model": "dhis2.facility", 
    "fields": {
        "parent": "JkDRFRhTl7C", 
        "level": 4, 
        "dhis2_code": "0504002", 
        "created": "2014-07-18T02:28:18.057Z", 
        "modified": "2014-07-18T02:28:18.057Z", 
        "i18n_name": "{\"lo\":\"\\u0e9a\\u0ec9\\u0eb2\\u0e99\\u200b\\u0ec0\\u0e9e\\u0eb1\\u0e87\",\"ke\":\"Banpheng\"}"
    }
},
{
    "pk": 1, 
    "model": "dhis2.contact", 
    "fields": {
        "language": "en", 
        "facility": "n1NJDsjmfqp", 
        "modified": "2014-07-18T02:29:28.275Z", 
        "name": "Trevor", 
        "created": "2014-07-18T02:29:20.428Z"
    }
},
{
    "pk": 2, 
    "model": "dhis2.contact", 
    "fields": {
        "language": "ke", 
        "facility": "i6hHJeIxPIU", 
        "modified": "2014-07-18T02:29:47.338Z", 
        "name": "Fahad", 
        "created": "2014-07-18T02:29:47.338Z"
    }
},
{
    "pk": 3, 
    "model": "dhis2.contact", 
    "fields": {
        "language": "ke", 
        "facility": "nrkegHmS7Wp", 
        "modified": "2014-07-18T02:30:07.486Z", 
        "name": "Nicki", 
        "created": "2014-07-18T02:30:07.486Z"
    }
},
{
    "pk": 4, 
    "model": "dhis2.contact", 
    "fields": {
        "language": "en", 
        "facility": "xokBtfDD3Y8", 
        "modified": "2014-07-18T02:30:22.641Z", 
        "name": "Waylon", 
        "created": "2014-07-18T02:30:22.641Z"
    }
},
{
    "pk": 5, 
    "model": "dhis2.contact", 
    "fields": {
        "language": "ke", 
        "facility": "ztJBC39jj2o", 
        "modified": "2014-07-18T02:31:21.543Z", 
        "name": "Richard", 
        "created": "2014-07-18T02:31:21.543Z"
    }
},
{
    "pk": 6, 
    "model": "dhis2.contact", 
    "fields": {
        "language": "en", 
        "facility": "nrkegHmS7Wp", 
        "modified": "2014-07-18T02:32:17.953Z", 
        "name": "Gaetano", 
        "created": "2014-07-18T02:32:17.953Z"
    }
},
{
    "pk": 1, 
    "model": "dhis2.contactconnection", 
    "fields": {
        "connection": 1, 
        "contact": 1
    }
},
{
    "pk": 2, 
    "model": "dhis2.contactconnection", 
    "fields": {
        "connection": 2, 
        "contact": 3
    }
},
{
    "pk": 3, 
    "model": "dhis2.contactconnection", 
    "fields": {
        "connection": 3, 
        "contact": 2
    }
},
{
    "pk": 4, 
    "model": "dhis2.contactconnection", 
    "fields": {
        "connection": 4, 
        "contact": 4
    }
},
{
    "pk": 5, 
    "model": "dhis2.contactconnection", 
    "fields": {
        "connection": 5, 
        "contact": 5
    }
},
{
    "pk": 6, 
    "model": "dhis2.contactconnection", 
    "fields": {
        "connection": 6, 
        "contact": 6
    }
},
{
    "pk": 1, 
    "model": "rapidsms.backend", 
    "fields": {
        "name": "message_tester"
    }
},
{
    "pk": 2, 
    "model": "rapidsms.backend", 
    "fields": {
        "name": "test_backend"
    }
},
{
    "pk": 1, 
    "model": "rapidsms.connection", 
    "fields": {
        "modified_on": "2014-07-18T07:28:25.366Z", 
        "created_on": "2014-07-18T07:28:25.366Z", 
        "contact": null, 
        "identity": "1234", 
        "backend": 2
    }
},
{
    "pk": 2, 
    "model": "rapidsms.connection", 
    "fields": {
        "modified_on": "2014-07-18T07:28:30.073Z", 
        "created_on": "2014-07-18T07:28:30.072Z", 
        "contact": null, 
        "identity": "2345", 
        "backend": 2
    }
},
{
    "pk": 3, 
    "model": "rapidsms.connection", 
    "fields": {
        "modified_on": "2014-07-18T07:28:34.655Z", 
        "created_on": "2014-07-18T07:28:34.655Z", 
        "contact": null, 
        "identity": "3456", 
        "backend": 2
    }
},
{
    "pk": 4, 
    "model": "rapidsms.connection", 
    "fields": {
        "modified_on": "2014-07-18T07:28:39.156Z", 
        "created_on": "2014-07-18T07:28:39.156Z", 
        "contact": null, 
        "identity": "4567", 
        "backend": 2
    }
},
{
    "pk": 5, 
    "model": "rapidsms.connection", 
    "fields": {
        "modified_on": "2014-07-18T07:28:43.787Z", 
        "created_on": "2014-07-18T07:28:43.787Z", 
        "contact": null, 
        "identity": "5678", 
        "backend": 2
    }
},
{
    "pk": 6, 
    "model": "rapidsms.connection", 
    "fields": {
        "modified_on": "2014-07-18T07:28:48.572Z", 
        "created_on": "2014-07-18T07:28:48.572Z", 
        "contact": null, 
        "identity": "6789", 
        "backend": 2
    }
},
{
    "pk": 1, 
    "model": "messagelog.message", 
    "fields": {
        "date": "2014-07-18T07:28:25.484Z", 
        "text": "ft01slp100", 
        "connection": 1, 
        "contact": null, 
        "direction": "I"
    }
},
{
    "pk": 2, 
    "model": "messagelog.message", 
    "fields": {
        "date": "2014-07-18T07:28:26.187Z", 
        "text": "{'ft': {None: (u'0', u'1')}, 'sl': {u'p': u'100'}}", 
        "connection": 1, 
        "contact": null, 
        "direction": "O"
    }
},
{
    "pk": 3, 
    "model": "messagelog.message", 
    "fields": {
        "date": "2014-07-18T07:28:26.726Z", 
        "text": "ft99sl100", 
        "connection": 1, 
        "contact": null, 
        "direction": "I"
    }
},
{
    "pk": 4, 
    "model": "messagelog.message", 
    "fields": {
        "date": "2014-07-18T07:28:27.265Z", 
        "text": "['INVALID_NEXT_KEYWORD']", 
        "connection": 1, 
        "contact": null, 
        "direction": "O"
    }
},
{
    "pk": 5, 
    "model": "messagelog.message", 
    "fields": {
        "date": "2014-07-18T07:28:27.803Z", 
        "text": "ft01slp100", 
        "connection": 1, 
        "contact": null, 
        "direction": "I"
    }
},
{
    "pk": 6, 
    "model": "messagelog.message", 
    "fields": {
        "date": "2014-07-18T07:28:28.343Z", 
        "text": "{'ft': {None: (u'0', u'1')}, 'sl': {u'p': u'100'}}", 
        "connection": 1, 
        "contact": null, 
        "direction": "O"
    }
},
{
    "pk": 7, 
    "model": "messagelog.message", 
    "fields": {
        "date": "2014-07-18T07:28:28.881Z", 
        "text": "Sorry, we don't have any", 
        "connection": 1, 
        "contact": null, 
        "direction": "I"
    }
},
{
    "pk": 8, 
    "model": "messagelog.message", 
    "fields": {
        "date": "2014-07-18T07:28:29.270Z", 
        "text": "Sorry, RapidSMS could not understand your message.", 
        "connection": 1, 
        "contact": null, 
        "direction": "O"
    }
},
{
    "pk": 9, 
    "model": "messagelog.message", 
    "fields": {
        "date": "2014-07-18T07:28:29.541Z", 
        "text": "Sorry, we don't have any", 
        "connection": 1, 
        "contact": null, 
        "direction": "I"
    }
},
{
    "pk": 10, 
    "model": "messagelog.message", 
    "fields": {
        "date": "2014-07-18T07:28:29.796Z", 
        "text": "Sorry, RapidSMS could not understand your message.", 
        "connection": 1, 
        "contact": null, 
        "direction": "O"
    }
},
{
    "pk": 11, 
    "model": "messagelog.message", 
    "fields": {
        "date": "2014-07-18T07:28:30.202Z", 
        "text": "ft01slp100", 
        "connection": 2, 
        "contact": null, 
        "direction": "I"
    }
},
{
    "pk": 12, 
    "model": "messagelog.message", 
    "fields": {
        "date": "2014-07-18T07:28:30.737Z", 
        "text": "{'ft': {None: (u'0', u'1')}, 'sl': {u'p': u'100'}}", 
        "connection": 2, 
        "contact": null, 
        "direction": "O"
    }
},
{
    "pk": 13, 
    "model": "messagelog.message", 
    "fields": {
        "date": "2014-07-18T07:28:31.366Z", 
        "text": "ft99sl100", 
        "connection": 2, 
        "contact": null, 
        "direction": "I"
    }
},
{
    "pk": 14, 
    "model": "messagelog.message", 
    "fields": {
        "date": "2014-07-18T07:28:31.909Z", 
        "text": "['INVALID_NEXT_KEYWORD']", 
        "connection": 2, 
        "contact": null, 
        "direction": "O"
    }
},
{
    "pk": 15, 
    "model": "messagelog.message", 
    "fields": {
        "date": "2014-07-18T07:28:32.451Z", 
        "text": "Sorry, we don't have any", 
        "connection": 2, 
        "contact": null, 
        "direction": "I"
    }
},
{
    "pk": 16, 
    "model": "messagelog.message", 
    "fields": {
        "date": "2014-07-18T07:28:32.715Z", 
        "text": "Sorry, RapidSMS could not understand your message.", 
        "connection": 2, 
        "contact": null, 
        "direction": "O"
    }
},
{
    "pk": 17, 
    "model": "messagelog.message", 
    "fields": {
        "date": "2014-07-18T07:28:32.977Z", 
        "text": "Sorry, we don't have any", 
        "connection": 2, 
        "contact": null, 
        "direction": "I"
    }
},
{
    "pk": 18, 
    "model": "messagelog.message", 
    "fields": {
        "date": "2014-07-18T07:28:33.241Z", 
        "text": "Sorry, RapidSMS could not understand your message.", 
        "connection": 2, 
        "contact": null, 
        "direction": "O"
    }
},
{
    "pk": 19, 
    "model": "messagelog.message", 
    "fields": {
        "date": "2014-07-18T07:28:33.537Z", 
        "text": "ft01slp100", 
        "connection": 2, 
        "contact": null, 
        "direction": "I"
    }
},
{
    "pk": 20, 
    "model": "messagelog.message", 
    "fields": {
        "date": "2014-07-18T07:28:34.059Z", 
        "text": "{'ft': {None: (u'0', u'1')}, 'sl': {u'p': u'100'}}", 
        "connection": 2, 
        "contact": null, 
        "direction": "O"
    }
},
{
    "pk": 21, 
    "model": "messagelog.message", 
    "fields": {
        "date": "2014-07-18T07:28:34.777Z", 
        "text": "ft99sl100", 
        "connection": 3, 
        "contact": null, 
        "direction": "I"
    }
},
{
    "pk": 22, 
    "model": "messagelog.message", 
    "fields": {
        "date": "2014-07-18T07:28:35.295Z", 
        "text": "['INVALID_NEXT_KEYWORD']", 
        "connection": 3, 
        "contact": null, 
        "direction": "O"
    }
},
{
    "pk": 23, 
    "model": "messagelog.message", 
    "fields": {
        "date": "2014-07-18T07:28:35.831Z", 
        "text": "ft01slp100", 
        "connection": 3, 
        "contact": null, 
        "direction": "I"
    }
},
{
    "pk": 24, 
    "model": "messagelog.message", 
    "fields": {
        "date": "2014-07-18T07:28:36.349Z", 
        "text": "{'ft': {None: (u'0', u'1')}, 'sl': {u'p': u'100'}}", 
        "connection": 3, 
        "contact": null, 
        "direction": "O"
    }
},
{
    "pk": 25, 
    "model": "messagelog.message", 
    "fields": {
        "date": "2014-07-18T07:28:36.914Z", 
        "text": "ft01slp100", 
        "connection": 3, 
        "contact": null, 
        "direction": "I"
    }
},
{
    "pk": 26, 
    "model": "messagelog.message", 
    "fields": {
        "date": "2014-07-18T07:28:37.501Z", 
        "text": "{'ft': {None: (u'0', u'1')}, 'sl': {u'p': u'100'}}", 
        "connection": 3, 
        "contact": null, 
        "direction": "O"
    }
},
{
    "pk": 27, 
    "model": "messagelog.message", 
    "fields": {
        "date": "2014-07-18T07:28:38.057Z", 
        "text": "Sorry, we don't have any", 
        "connection": 3, 
        "contact": null, 
        "direction": "I"
    }
},
{
    "pk": 28, 
    "model": "messagelog.message", 
    "fields": {
        "date": "2014-07-18T07:28:38.321Z", 
        "text": "Sorry, RapidSMS could not understand your message.", 
        "connection": 3, 
        "contact": null, 
        "direction": "O"
    }
},
{
    "pk": 29, 
    "model": "messagelog.message", 
    "fields": {
        "date": "2014-07-18T07:28:38.581Z", 
        "text": "Sorry, we don't have any", 
        "connection": 3, 
        "contact": null, 
        "direction": "I"
    }
},
{
    "pk": 30, 
    "model": "messagelog.message", 
    "fields": {
        "date": "2014-07-18T07:28:38.882Z", 
        "text": "Sorry, RapidSMS could not understand your message.", 
        "connection": 3, 
        "contact": null, 
        "direction": "O"
    }
},
{
    "pk": 31, 
    "model": "messagelog.message", 
    "fields": {
        "date": "2014-07-18T07:28:39.271Z", 
        "text": "Sorry, we don't have any", 
        "connection": 4, 
        "contact": null, 
        "direction": "I"
    }
},
{
    "pk": 32, 
    "model": "messagelog.message", 
    "fields": {
        "date": "2014-07-18T07:28:39.567Z", 
        "text": "Sorry, RapidSMS could not understand your message.", 
        "connection": 4, 
        "contact": null, 
        "direction": "O"
    }
},
{
    "pk": 33, 
    "model": "messagelog.message", 
    "fields": {
        "date": "2014-07-18T07:28:39.857Z", 
        "text": "Sorry, we don't have any", 
        "connection": 4, 
        "contact": null, 
        "direction": "I"
    }
},
{
    "pk": 34, 
    "model": "messagelog.message", 
    "fields": {
        "date": "2014-07-18T07:28:40.110Z", 
        "text": "Sorry, RapidSMS could not understand your message.", 
        "connection": 4, 
        "contact": null, 
        "direction": "O"
    }
},
{
    "pk": 35, 
    "model": "messagelog.message", 
    "fields": {
        "date": "2014-07-18T07:28:40.376Z", 
        "text": "ft01slp100", 
        "connection": 4, 
        "contact": null, 
        "direction": "I"
    }
},
{
    "pk": 36, 
    "model": "messagelog.message", 
    "fields": {
        "date": "2014-07-18T07:28:40.935Z", 
        "text": "{'ft': {None: (u'0', u'1')}, 'sl': {u'p': u'100'}}", 
        "connection": 4, 
        "contact": null, 
        "direction": "O"
    }
},
{
    "pk": 37, 
    "model": "messagelog.message", 
    "fields": {
        "date": "2014-07-18T07:28:41.517Z", 
        "text": "ft01slp100", 
        "connection": 4, 
        "contact": null, 
        "direction": "I"
    }
},
{
    "pk": 38, 
    "model": "messagelog.message", 
    "fields": {
        "date": "2014-07-18T07:28:42.071Z", 
        "text": "{'ft': {None: (u'0', u'1')}, 'sl': {u'p': u'100'}}", 
        "connection": 4, 
        "contact": null, 
        "direction": "O"
    }
},
{
    "pk": 39, 
    "model": "messagelog.message", 
    "fields": {
        "date": "2014-07-18T07:28:42.661Z", 
        "text": "ft99sl100", 
        "connection": 4, 
        "contact": null, 
        "direction": "I"
    }
},
{
    "pk": 40, 
    "model": "messagelog.message", 
    "fields": {
        "date": "2014-07-18T07:28:43.215Z", 
        "text": "['INVALID_NEXT_KEYWORD']", 
        "connection": 4, 
        "contact": null, 
        "direction": "O"
    }
},
{
    "pk": 41, 
    "model": "messagelog.message", 
    "fields": {
        "date": "2014-07-18T07:28:43.918Z", 
        "text": "ft99sl100", 
        "connection": 5, 
        "contact": null, 
        "direction": "I"
    }
},
{
    "pk": 42, 
    "model": "messagelog.message", 
    "fields": {
        "date": "2014-07-18T07:28:44.576Z", 
        "text": "['INVALID_NEXT_KEYWORD']", 
        "connection": 5, 
        "contact": null, 
        "direction": "O"
    }
},
{
    "pk": 43, 
    "model": "messagelog.message", 
    "fields": {
        "date": "2014-07-18T07:28:45.174Z", 
        "text": "Sorry, we don't have any", 
        "connection": 5, 
        "contact": null, 
        "direction": "I"
    }
},
{
    "pk": 44, 
    "model": "messagelog.message", 
    "fields": {
        "date": "2014-07-18T07:28:45.454Z", 
        "text": "Sorry, RapidSMS could not understand your message.", 
        "connection": 5, 
        "contact": null, 
        "direction": "O"
    }
},
{
    "pk": 45, 
    "model": "messagelog.message", 
    "fields": {
        "date": "2014-07-18T07:28:45.742Z", 
        "text": "Sorry, we don't have any", 
        "connection": 5, 
        "contact": null, 
        "direction": "I"
    }
},
{
    "pk": 46, 
    "model": "messagelog.message", 
    "fields": {
        "date": "2014-07-18T07:28:46.023Z", 
        "text": "Sorry, RapidSMS could not understand your message.", 
        "connection": 5, 
        "contact": null, 
        "direction": "O"
    }
},
{
    "pk": 47, 
    "model": "messagelog.message", 
    "fields": {
        "date": "2014-07-18T07:28:46.314Z", 
        "text": "ft01slp100", 
        "connection": 5, 
        "contact": null, 
        "direction": "I"
    }
},
{
    "pk": 48, 
    "model": "messagelog.message", 
    "fields": {
        "date": "2014-07-18T07:28:46.859Z", 
        "text": "{'ft': {None: (u'0', u'1')}, 'sl': {u'p': u'100'}}", 
        "connection": 5, 
        "contact": null, 
        "direction": "O"
    }
},
{
    "pk": 49, 
    "model": "messagelog.message", 
    "fields": {
        "date": "2014-07-18T07:28:47.438Z", 
        "text": "ft01slp100", 
        "connection": 5, 
        "contact": null, 
        "direction": "I"
    }
},
{
    "pk": 50, 
    "model": "messagelog.message", 
    "fields": {
        "date": "2014-07-18T07:28:48.010Z", 
        "text": "{'ft': {None: (u'0', u'1')}, 'sl': {u'p': u'100'}}", 
        "connection": 5, 
        "contact": null, 
        "direction": "O"
    }
},
{
    "pk": 51, 
    "model": "messagelog.message", 
    "fields": {
        "date": "2014-07-18T07:28:48.695Z", 
        "text": "ft99sl100", 
        "connection": 6, 
        "contact": null, 
        "direction": "I"
    }
},
{
    "pk": 52, 
    "model": "messagelog.message", 
    "fields": {
        "date": "2014-07-18T07:28:49.306Z", 
        "text": "['INVALID_NEXT_KEYWORD']", 
        "connection": 6, 
        "contact": null, 
        "direction": "O"
    }
},
{
    "pk": 53, 
    "model": "messagelog.message", 
    "fields": {
        "date": "2014-07-18T07:28:49.877Z", 
        "text": "ft01slp100", 
        "connection": 6, 
        "contact": null, 
        "direction": "I"
    }
},
{
    "pk": 54, 
    "model": "messagelog.message", 
    "fields": {
        "date": "2014-07-18T07:28:50.440Z", 
        "text": "{'ft': {None: (u'0', u'1')}, 'sl': {u'p': u'100'}}", 
        "connection": 6, 
        "contact": null, 
        "direction": "O"
    }
},
{
    "pk": 55, 
    "model": "messagelog.message", 
    "fields": {
        "date": "2014-07-18T07:28:51.040Z", 
        "text": "Sorry, we don't have any", 
        "connection": 6, 
        "contact": null, 
        "direction": "I"
    }
},
{
    "pk": 56, 
    "model": "messagelog.message", 
    "fields": {
        "date": "2014-07-18T07:28:51.303Z", 
        "text": "Sorry, RapidSMS could not understand your message.", 
        "connection": 6, 
        "contact": null, 
        "direction": "O"
    }
},
{
    "pk": 57, 
    "model": "messagelog.message", 
    "fields": {
        "date": "2014-07-18T07:28:51.577Z", 
        "text": "ft01slp100", 
        "connection": 6, 
        "contact": null, 
        "direction": "I"
    }
},
{
    "pk": 58, 
    "model": "messagelog.message", 
    "fields": {
        "date": "2014-07-18T07:28:52.148Z", 
        "text": "{'ft': {None: (u'0', u'1')}, 'sl': {u'p': u'100'}}", 
        "connection": 6, 
        "contact": null, 
        "direction": "O"
    }
},
{
    "pk": 59, 
    "model": "messagelog.message", 
    "fields": {
        "date": "2014-07-18T07:28:52.727Z", 
        "text": "Sorry, we don't have any", 
        "connection": 6, 
        "contact": null, 
        "direction": "I"
    }
},
{
    "pk": 60, 
    "model": "messagelog.message", 
    "fields": {
        "date": "2014-07-18T07:28:52.999Z", 
        "text": "Sorry, RapidSMS could not understand your message.", 
        "connection": 6, 
        "contact": null, 
        "direction": "O"
    }
}
]
